Date,Platform,Product_Category,Model_Name,Condition,Launch_Price_USD,Launch_Price_MAD,Current_Price_USD,Current_Price_MAD,Discount_Pct,Sale_Event,Stock_Status,Rating,Reviews_Count
2025-08-24,Amazon,Watch,Apple Watch Series 6 (44mm),New,429,3989.7,255.69,2377.92,40.400000000000006,Unknown,Low Stock,4.4,2671
2026-04-30,Flipkart,iPhone,iPhone 15 128GB,New,799,7430.7,594.58,5529.59,25.6,Unknown,In Stock,4.8,2828
2025-02-20,Amazon,Mac,MacBook Pro 14-inch M2 Pro 512GB,New,1999,18590.7,1802.37,16762.04,9.8,Unknown,In Stock,4.7,1515
2023-09-26,Amazon,Watch,Apple Watch Ultra,Renewed/Refurbished,799,7430.7,556.0,5170.8,30.4,Unknown,In Stock,3.9,1597
2025-08-13,Flipkart,iPad,iPad Pro 11-inch (M1) 128GB,New,799,7430.7,477.03,4436.38,40.3,Unknown,Out of Stock,4.2,2983
2025-02-13,Flipkart,iPhone,iPhone 14 128GB,New,799,7430.7,597.26,5554.52,25.2,Unknown,In Stock,4.6,4197
2025-02-22,Amazon,Mac,MacBook Pro 14-inch M3 Pro 512GB,Renewed/Refurbished,1999,18590.7,1370.94,12749.74,31.4,Unknown,In Stock,3.9,740
2025-11-11,Flipkart,Watch,Apple Watch Series 9 (45mm),New,429,3989.7,257.66,2396.24,39.900000000000006,Unknown,In Stock,4.7,4283
2025-01-29,Amazon,iPad,iPad Air (5th Gen) 64GB,New,599,5570.7,399.77,3717.86,33.300000000000004,Unknown,In Stock,4.3,3503
2025-08-05,Amazon,iPhone,iPhone 14 128GB,New,799,7430.7,603.79,5615.25,24.4,Unknown,In Stock,4.3,3102
2022-07-15,Flipkart,iPhone,iPhone 12 64GB,New,799,7430.7,702.51,6533.34,12.1,Unknown,In Stock,4.4,3316
2026-06-17,Flipkart,iPhone,iPhone 17 128GB,New,849,7895.7,857.51,7974.84,-1.0,Unknown,In Stock,4.3,1198
2023-07-06,Amazon,iPad,iPad Pro 11-inch (M1) 128GB,New,799,7430.7,603.27,5610.41,24.5,Unknown,In Stock,4.7,1770
2025-11-07,Amazon,Mac,MacBook Pro 14-inch M4 Pro 512GB,New,1999,18590.7,1850.2,17206.86,7.399999999999999,Prime Day,In Stock,4.3,1315
2025-12-27,Flipkart,Watch,Apple Watch Series X (45mm),New,429,3989.7,327.21,3043.05,23.7,Unknown,In Stock,4.6,1778
2024-01-13,Flipkart,iPhone,iPhone 13 128GB,Renewed/Refurbished,799,7430.7,418.0,3887.4,47.7,Unknown,In Stock,4.2,1264
2025-04-13,Amazon,Watch,Apple Watch Series 9 (45mm),New,429,3989.7,324.99,3022.41,24.2,Unknown,Low Stock,4.3,2007
2026-07-25,Flipkart,iPhone,iPhone 16 Pro 256GB,New,1099,10220.7,1002.6,9324.18,8.799999999999999,Unknown,In Stock,4.7,2978
2025-01-22,Amazon,Mac,MacBook Pro 14-inch M4 Pro 512GB,New,1999,18590.7,1961.59,18242.79,1.9,Unknown,In Stock,4.6,347
2026-04-28,Flipkart,Watch,Apple Watch Series 8 (45mm),New,429,3989.7,254.19,2363.97,40.7,Unknown,Out of Stock,4.7,2670
2023-08-07,Flipkart,iPhone,iPhone 12 Pro 128GB,Renewed/Refurbished,999,9290.7,576.24,5359.03,42.3,Unknown,In Stock,4.2,2403
2025-11-02,Amazon,Watch,Apple Watch Series X (45mm),New,429,3989.7,432.27,4020.11,-0.8,Unknown,In Stock,4.5,427
2025-01-05,Amazon,Watch,Apple Watch Series 9 (45mm),New,429,3989.7,330.89,3077.28,22.9,Unknown,In Stock,4.8,968
2024-12-12,Amazon,iPhone,iPhone 15 128GB,Renewed/Refurbished,799,7430.7,530.77,4936.16,33.6,Unknown,In Stock,4.4,907
2025-06-18,Flipkart,Watch,Apple Watch Ultra 2,Renewed/Refurbished,799,7430.7,554.9,5160.57,30.6,Unknown,In Stock,4.1,1042
2026-01-24,Amazon,iPhone,iPhone 17 128GB,New,849,7895.7,860.15,7999.4,-1.3,Unknown,Out of Stock,4.4,554
2026-02-15,Flipkart,Mac,MacBook Pro 14-inch M2 Pro 512GB,Renewed/Refurbished,1999,18590.7,1402.46,13042.88,29.8,Unknown,Out of Stock,4.0,5906
2025-11-09,Amazon,iPad,iPad (9th Gen) 64GB,New,329,3059.7,199.69,1857.12,39.3,Unknown,Out of Stock,4.4,2535
2024-06-05,Amazon,Mac,MacBook Air M3 256GB,Renewed/Refurbished,1099,10220.7,797.11,7413.12,27.500000000000004,Unknown,Out of Stock,4.3,170
2026-11-01,Amazon,iPhone,iPhone 16 128GB,New,799,7430.7,712.6,6627.18,10.8,Unknown,In Stock,4.2,1804
2026-02-11,Flipkart,iPhone,iPhone 15 128GB,New,799,7430.7,604.64,5623.15,24.3,Unknown,In Stock,4.9,2471
2024-09-03,Flipkart,iPad,iPad Pro 11-inch (M4) 256GB,New,999,9290.7,1009.26,9386.12,-1.0,Unknown,In Stock,4.7,309
2025-12-16,Amazon,iPad,iPad Pro 12.9-inch (M2) 256GB,New,1199,11150.7,885.56,8235.71,26.1,Unknown,In Stock,4.7,5856
2025-03-14,Flipkart,Mac,MacBook Pro 14-inch M3 Pro 512GB,New,1999,18590.7,1928.72,17937.1,3.5000000000000004,Unknown,In Stock,4.3,1165
2024-11-01,Flipkart,iPhone,iPhone 15 Pro Max 256GB,Renewed/Refurbished,1199,11150.7,835.06,7766.06,30.4,Unknown,In Stock,3.9,878
2023-04-18,Flipkart,iPhone,iPhone 14 Pro 128GB,New,999,9290.7,1003.95,9336.74,-0.5,Unknown,In Stock,4.8,584
2025-11-23,Amazon,iPhone,iPhone 15 Pro Max 256GB,New,1199,11150.7,899.19,8362.47,25.0,Black Friday,In Stock,4.2,2639
2026-11-01,Flipkart,iPad,iPad Pro 12.9-inch (M2) 256GB,New,1199,11150.7,887.35,8252.36,26.0,Unknown,Out of Stock,4.4,4036
2026-03-04,Flipkart,Mac,MacBook Air M1 256GB,Renewed/Refurbished,999,9290.7,500.38,4653.53,49.9,Unknown,Out of Stock,4.3,10567
2023-12-26,Flipkart,iPad,iPad (9th Gen) 64GB,Renewed/Refurbished,329,3059.7,165.96,1543.43,49.6,Unknown,In Stock,4.0,2932
2023-02-16,Flipkart,Watch,Apple Watch Series 6 (44mm),Renewed/Refurbished,429,3989.7,210.34,1956.16,51.0,Unknown,In Stock,4.2,2775
2025-05-01,Flipkart,Watch,Apple Watch Series X (45mm),New,429,3989.7,427.81,3978.63,0.3,Unknown,In Stock,4.2,369
2026-06-03,Amazon,iPhone,iPhone 13 Pro Max 256GB,New,1199,11150.7,809.4,7527.42,32.5,Unknown,Out of Stock,4.3,3463
2024-08-12,Flipkart,iPhone,iPhone 16 128GB,New,799,7430.7,789.25,7340.03,1.2,Unknown,In Stock,4.3,219
2024-06-24,Amazon,Watch,Apple Watch Series 7 (45mm),New,429,3989.7,260.96,2426.93,39.2,Unknown,In Stock,4.5,4617
2026-03-21,Flipkart,Watch,Apple Watch Ultra 2,New,799,7430.7,602.55,5603.72,24.6,Unknown,In Stock,4.3,2198
2025-04-13,Amazon,iPhone,iPhone 16 128GB,New,799,7430.7,801.81,7456.83,-0.4,Unknown,In Stock,4.2,963
2021-12-12,Amazon,iPad,iPad Pro 11-inch (M1) 128GB,Renewed/Refurbished,799,7430.7,582.9,5420.97,27.0,Unknown,In Stock,4.1,420
2024-05-15,Amazon,Watch,Apple Watch Series 7 (45mm),New,429,3989.7,259.33,2411.77,39.5,Unknown,In Stock,4.4,2708
2023-09-17,Flipkart,iPad,iPad Pro 12.9-inch (M2) 256GB,New,1199,11150.7,1205.75,11213.48,-0.6,Unknown,In Stock,4.5,855
2026-04-04,Flipkart,iPhone,iPhone 13 Pro Max 256GB,New,1199,11150.7,796.32,7405.78,33.6,Unknown,Low Stock,4.5,5143
2026-01-15,Flipkart,Mac,MacBook Pro 14-inch M4 Pro 512GB,Renewed/Refurbished,1999,18590.7,1452.18,13505.27,27.4,Unknown,In Stock,4.2,1602
2023-08-29,Flipkart,iPad,iPad Pro 11-inch (M1) 128GB,New,799,7430.7,609.11,5664.72,23.8,Unknown,In Stock,4.3,3301
2026-03-16,Flipkart,Mac,MacBook Pro 14-inch M1 Pro 512GB,New,1999,18590.7,1627.05,15131.57,18.6,Unknown,Low Stock,4.7,7699
2025-05-15,Flipkart,Watch,Apple Watch Series 9 (45mm),New,429,3989.7,324.53,3018.13,24.4,Unknown,In Stock,4.7,1316
2021-03-22,Flipkart,Watch,Apple Watch Series 6 (44mm),New,429,3989.7,436.94,4063.54,-1.9,Unknown,In Stock,4.8,388
2026-01-17,Flipkart,iPhone,iPhone 15 Pro Max 256GB,New,1199,11150.7,1016.03,9449.08,15.3,Unknown,In Stock,4.3,2415
2023-12-13,Amazon,iPhone,iPhone 13 128GB,New,799,7430.7,591.6,5501.88,26.0,Unknown,In Stock,4.3,3535
2024-09-06,Flipkart,Watch,Apple Watch Series 8 (45mm),New,429,3989.7,331.54,3083.32,22.7,Unknown,In Stock,4.9,1277
2025-12-04,Flipkart,Mac,MacBook Pro 14-inch M4 Pro 512GB,Renewed/Refurbished,1999,18590.7,1414.17,13151.78,29.3,Unknown,In Stock,4.3,295
2024-04-02,Flipkart,Watch,Apple Watch Series 8 (45mm),Renewed/Refurbished,429,3989.7,241.93,2249.95,43.6,Unknown,In Stock,4.3,2531
2022-05-07,Amazon,iPad,iPad Air (4th Gen) 64GB,Renewed/Refurbished,599,5570.7,390.26,3629.42,34.8,Unknown,In Stock,3.8,2551
2024-12-30,Flipkart,Mac,MacBook Pro 14-inch M4 Pro 512GB,New,1999,18590.7,2033.83,18914.62,-1.7000000000000002,Unknown,In Stock,4.8,352
2026-09-06,Amazon,Mac,MacBook Air M1 256GB,Renewed/Refurbished,999,9290.7,493.4,4588.62,50.6,Unknown,Low Stock,4.0,9322
2026-05-24,Flipkart,iPhone,iPhone 14 128GB,Renewed/Refurbished,799,7430.7,380.81,3541.53,52.3,Unknown,Low Stock,4.0,6339
2025-03-26,Amazon,iPhone,iPhone 16 128GB,Renewed/Refurbished,799,7430.7,622.01,5784.69,22.2,Unknown,Low Stock,4.2,428
2026-02-07,Amazon,iPad,iPad Air (5th Gen) 64GB,Renewed/Refurbished,599,5570.7,272.87,2537.69,54.400000000000006,Unknown,Low Stock,4.4,4877
2026-02-22,Amazon,iPhone,iPhone 17 128GB,New,849,7895.7,861.94,8016.04,-1.5,Unknown,Out of Stock,4.4,669
2024-03-27,Flipkart,Watch,Apple Watch Series 7 (45mm),New,429,3989.7,262.32,2439.58,38.9,Unknown,In Stock,4.5,2499
2025-08-16,Flipkart,Mac,MacBook Air M3 256GB,Renewed/Refurbished,1099,10220.7,795.93,7402.15,27.6,Unknown,In Stock,3.9,2312
2024-05-07,Amazon,iPhone,iPhone 14 Pro 128GB,New,999,9290.7,895.21,8325.45,10.4,Unknown,In Stock,4.5,3308
2021-10-23,Flipkart,iPhone,iPhone 13 Pro Max 256GB,New,1199,11150.7,1175.1,10928.43,2.0,Unknown,In Stock,4.7,81
2024-02-09,Amazon,Mac,MacBook Air M1 256GB,Renewed/Refurbished,999,9290.7,515.19,4791.27,48.4,Unknown,In Stock,4.5,2145
2023-05-15,Flipkart,iPhone,iPhone 14 Pro 128GB,New,999,9290.7,992.66,9231.74,0.6,Unknown,In Stock,4.4,643
2025-11-09,Amazon,iPhone,iPhone 15 128GB,New,799,7430.7,688.47,6402.77,13.8,Unknown,In Stock,4.4,3061
2025-07-13,Flipkart,iPhone,iPhone 16 Pro 256GB,Renewed/Refurbished,1099,10220.7,839.44,7806.79,23.6,Unknown,In Stock,3.8,820
2022-02-01,Amazon,Mac,MacBook Pro 14-inch M1 Pro 512GB,Renewed/Refurbished,1999,18590.7,1658.17,15420.98,17.0,Unknown,In Stock,4.4,462
2025-04-02,Flipkart,iPad,iPad Air (4th Gen) 64GB,New,599,5570.7,363.1,3376.83,39.4,Unknown,Out of Stock,4.3,8739
2026-04-15,Flipkart,iPhone,iPhone 16 128GB,New,799,7430.7,695.68,6469.82,12.9,Unknown,In Stock,4.7,2519
2025-04-12,Amazon,iPad,iPad Pro 11-inch (M4) 256GB,New,999,9290.7,912.57,8486.9,8.7,Unknown,In Stock,4.4,3008
2023-12-25,Amazon,Watch,Apple Watch Series 9 (45mm),New,429,3989.7,425.09,3953.34,0.8999999999999999,Unknown,In Stock,4.6,485
2023-04-05,Flipkart,iPhone,iPhone 12 Pro 128GB,New,999,9290.7,813.03,7561.18,18.6,Unknown,Low Stock,4.3,4120
2025-03-17,Amazon,iPhone,iPhone 16 128GB,New,799,7430.7,811.49,7546.86,-1.6,Unknown,In Stock,4.8,800
2024-07-02,Flipkart,Mac,MacBook Pro 14-inch M3 Pro 512GB,Renewed/Refurbished,1999,18590.7,1435.04,13345.87,28.2,Unknown,In Stock,3.9,1203
2025-02-14,Flipkart,Watch,Apple Watch Series X (45mm),New,429,3989.7,432.36,4020.95,-0.8,Unknown,Low Stock,4.6,717
2024-08-16,Flipkart,iPad,iPad (9th Gen) 64GB,New,329,3059.7,199.59,1856.19,39.3,Unknown,In Stock,4.5,2370
2025-11-29,Amazon,Mac,MacBook Air M2 256GB,Renewed/Refurbished,1199,11150.7,539.39,5016.33,55.00000000000001,Black Friday,Out of Stock,4.4,6708
2026-07-29,Flipkart,iPhone,iPhone 17 128GB,Renewed/Refurbished,849,7895.7,684.79,6368.55,19.3,Unknown,In Stock,4.5,1353
2025-01-01,Flipkart,Mac,MacBook Pro 14-inch M1 Pro 512GB,New,1999,18590.7,1671.72,15547.0,16.400000000000002,Unknown,Low Stock,4.3,3435
2024-02-29,Flipkart,iPad,iPad Pro 12.9-inch (M2) 256GB,New,1199,11150.7,1106.16,10287.29,7.7,Unknown,In Stock,4.4,1556
2023-11-05,Amazon,iPad,iPad Air (5th Gen) 64GB,New,599,5570.7,505.66,4702.64,15.6,Unknown,In Stock,4.8,1404
2022-09-27,Flipkart,iPhone,iPhone 14 Pro 128GB,New,999,9290.7,1008.1,9375.33,-0.8999999999999999,Unknown,In Stock,4.3,82
2024-06-25,Amazon,iPhone,iPhone 15 Pro Max 256GB,New,1199,11150.7,1210.17,11254.58,-0.8999999999999999,Unknown,In Stock,4.3,1128
2025-10-29,Amazon,iPhone,iPhone 13 128GB,New,799,7430.7,473.82,4406.53,40.7,Unknown,In Stock,4.9,6354
2024-12-01,Flipkart,iPhone,iPhone 12 64GB,New,799,7430.7,478.09,4446.24,40.2,Unknown,Out of Stock,4.4,7463
2026-12-07,Flipkart,Watch,Apple Watch Series 7 (45mm),New,429,3989.7,261.75,2434.28,39.0,Unknown,Low Stock,4.7,5409
2026-03-14,Amazon,iPhone,iPhone 17 128GB,New,849,7895.7,841.11,7822.32,0.8999999999999999,Unknown,Low Stock,4.6,781
2025-07-20,Flipkart,Watch,Apple Watch Series X (45mm),Renewed/Refurbished,429,3989.7,352.28,3276.2,17.9,Unknown,In Stock,3.9,939
2023-06-10,Amazon,iPhone,iPhone 14 128GB,New,799,7430.7,503.77,4685.06,36.9,Great Indian Festival,In Stock,4.8,2097
2026-06-30,Flipkart,iPhone,iPhone 16 Pro 256GB,New,1099,10220.7,997.1,9273.03,9.3,Unknown,In Stock,4.3,2584
2022-08-30,Amazon,iPhone,iPhone 12 Pro 128GB,New,999,9290.7,888.66,8264.54,11.0,Unknown,In Stock,4.4,2110
2025-09-22,Flipkart,iPhone,iPhone 13 Pro Max 256GB,New,1199,11150.7,907.83,8442.82,24.3,Unknown,Low Stock,4.8,7138
2025-01-25,Flipkart,Watch,Apple Watch Ultra,New,799,7430.7,592.08,5506.34,25.9,Unknown,In Stock,4.4,2200
2023-04-09,Flipkart,iPhone,iPhone 12 Pro 128GB,Renewed/Refurbished,999,9290.7,660.78,6145.25,33.900000000000006,Unknown,In Stock,4.5,4346
2023-12-09,Flipkart,iPhone,iPhone 12 Pro 128GB,Renewed/Refurbished,999,9290.7,488.12,4539.52,51.1,Unknown,Out of Stock,4.1,4849
2024-04-02,Amazon,iPhone,iPhone 13 Pro Max 256GB,New,1199,11150.7,1000.73,9306.79,16.5,Unknown,In Stock,4.5,3907
2025-10-02,Amazon,Mac,MacBook Pro 14-inch M2 Pro 512GB,New,1999,18590.7,1770.96,16469.93,11.4,Unknown,Low Stock,4.8,3456
2024-06-23,Amazon,Watch,Apple Watch Ultra 2,Renewed/Refurbished,799,7430.7,583.36,5425.25,27.0,Unknown,In Stock,4.2,1044
2026-05-28,Flipkart,Watch,Apple Watch Series 6 (44mm),New,429,3989.7,258.55,2404.52,39.7,Unknown,In Stock,4.7,8672
2024-06-17,Amazon,Mac,MacBook Air M3 256GB,Renewed/Refurbished,1099,10220.7,927.72,8627.8,15.6,Unknown,In Stock,3.9,276
2025-08-10,Amazon,iPhone,iPhone 14 Pro 128GB,New,999,9290.7,513.73,4777.69,48.6,Great Indian Festival,Out of Stock,4.6,6121
2022-11-02,Amazon,iPad,iPad (9th Gen) 64GB,New,329,3059.7,228.53,2125.33,30.5,Unknown,In Stock,4.2,1880
2023-10-08,Flipkart,iPad,iPad (9th Gen) 64GB,New,329,3059.7,224.45,2087.39,31.8,Unknown,In Stock,4.2,2837
2025-09-19,Amazon,Mac,MacBook Pro 14-inch M4 Pro 512GB,New,1999,18590.7,1972.23,18341.74,1.3,Unknown,In Stock,4.8,1316
2025-07-11,Flipkart,Watch,Apple Watch Series 9 (45mm),New,429,3989.7,253.27,2355.41,41.0,Unknown,In Stock,4.4,2936
2024-07-02,Amazon,Mac,MacBook Pro 14-inch M2 Pro 512GB,New,1999,18590.7,1908.24,17746.63,4.5,Unknown,Out of Stock,4.9,1704
2025-04-21,Flipkart,iPad,iPad Pro 11-inch (M1) 128GB,New,799,7430.7,508.07,4725.05,36.4,Unknown,Out of Stock,4.5,4741
2026-07-20,Amazon,Mac,MacBook Air M2 256GB,New,1199,11150.7,804.24,7479.43,32.9,Unknown,In Stock,4.3,3919
2023-08-17,Amazon,Mac,MacBook Air M1 256GB,New,999,9290.7,790.16,7348.49,20.9,Unknown,In Stock,4.6,4914
2021-08-26,Amazon,Watch,Apple Watch Series 6 (44mm),New,429,3989.7,437.3,4066.89,-1.9,Unknown,In Stock,4.7,1553
2025-04-19,Flipkart,Watch,Apple Watch Series 9 (45mm),New,429,3989.7,328.94,3059.14,23.3,Unknown,In Stock,4.8,1912
2026-11-02,Flipkart,iPhone,iPhone 14 Pro 128GB,New,999,9290.7,685.58,6375.89,31.4,Unknown,In Stock,4.3,2380
2023-12-26,Flipkart,Mac,MacBook Air M1 256GB,New,999,9290.7,686.94,6388.54,31.2,Unknown,Out of Stock,4.8,3270
2026-03-10,Flipkart,Watch,Apple Watch Series 6 (44mm),New,429,3989.7,253.54,2357.92,40.9,Unknown,Low Stock,4.9,9733
2024-12-26,Amazon,iPad,iPad Air (4th Gen) 64GB,New,599,5570.7,362.55,3371.72,39.5,Unknown,Out of Stock,4.6,5228
2025-10-16,Amazon,Mac,MacBook Air M3 256GB,New,1099,10220.7,986.12,9170.92,10.3,Unknown,In Stock,4.9,2858
2025-02-09,Flipkart,Watch,Apple Watch Series 7 (45mm),Renewed/Refurbished,429,3989.7,215.05,1999.97,49.9,Unknown,Low Stock,3.8,6028
2024-10-13,Flipkart,Watch,Apple Watch Series 6 (44mm),New,429,3989.7,228.51,2125.14,46.7,Big Billion Days,Out of Stock,4.3,6760
2025-03-28,Flipkart,iPhone,iPhone 16 128GB,New,799,7430.7,805.8,7493.94,-0.8999999999999999,Unknown,In Stock,4.4,723
2026-01-01,Amazon,iPhone,iPhone 13 128GB,New,799,7430.7,486.76,4526.87,39.1,Unknown,In Stock,4.8,3640
2022-12-28,Flipkart,Watch,Apple Watch Series 6 (44mm),Renewed/Refurbished,429,3989.7,210.06,1953.56,51.0,Unknown,In Stock,4.3,4050
2025-12-28,Amazon,Mac,MacBook Air M2 256GB,New,1199,11150.7,883.67,8218.13,26.3,Unknown,Out of Stock,4.8,6255
2025-02-07,Flipkart,Watch,Apple Watch Ultra 2,New,799,7430.7,697.22,6484.15,12.7,Unknown,In Stock,4.5,2220
2025-11-07,Flipkart,Mac,MacBook Pro 14-inch M2 Pro 512GB,Renewed/Refurbished,1999,18590.7,1246.12,11588.92,37.7,Unknown,In Stock,4.3,4905
2023-03-03,Amazon,iPhone,iPhone 12 Pro 128GB,New,999,9290.7,804.47,7481.57,19.5,Unknown,Out of Stock,4.4,1843
2024-04-12,Amazon,Mac,MacBook Pro 14-inch M4 Pro 512GB,New,1999,18590.7,2026.01,18841.89,-1.4,Unknown,In Stock,4.9,149
2025-06-19,Flipkart,iPhone,iPhone 15 Pro Max 256GB,New,1199,11150.7,1082.06,10063.16,9.8,Unknown,Low Stock,4.8,1176
2024-09-02,Amazon,iPhone,iPhone 13 128GB,New,799,7430.7,603.17,5609.48,24.5,Unknown,In Stock,4.6,2714
2023-08-06,Amazon,iPad,iPad (9th Gen) 64GB,Renewed/Refurbished,329,3059.7,178.04,1655.77,45.9,Unknown,In Stock,4.3,2120
2025-01-11,Flipkart,Mac,MacBook Air M2 256GB,New,1199,11150.7,902.34,8391.76,24.7,Unknown,In Stock,4.2,2822
2024-07-15,Flipkart,iPhone,iPhone 14 128GB,New,799,7430.7,708.43,6588.4,11.3,Unknown,In Stock,4.6,3662
2026-07-18,Amazon,iPhone,iPhone 12 Pro 128GB,New,999,9290.7,455.66,4237.64,54.400000000000006,Prime Day,In Stock,4.8,7752
2024-05-12,Amazon,iPhone,iPhone 12 Pro 128GB,New,999,9290.7,590.13,5488.21,40.9,Unknown,Low Stock,4.5,2357
2024-10-22,Amazon,Watch,Apple Watch Ultra,New,799,7430.7,592.87,5513.69,25.8,Unknown,In Stock,4.4,2754
2022-05-10,Flipkart,iPhone,iPhone 12 Pro 128GB,New,999,9290.7,557.0,5180.1,44.2,Big Billion Days,Out of Stock,4.5,2945
2023-12-14,Flipkart,iPad,iPad (9th Gen) 64GB,Renewed/Refurbished,329,3059.7,159.95,1487.54,51.4,Unknown,In Stock,4.3,1211
2025-11-30,Flipkart,Watch,Apple Watch Series 8 (45mm),New,429,3989.7,219.08,2037.44,48.9,Black Friday,In Stock,4.5,4623
2024-01-03,Amazon,Mac,MacBook Air M2 256GB,New,1199,11150.7,1099.21,10222.65,8.3,Unknown,In Stock,4.7,1629
2026-02-19,Flipkart,Watch,Apple Watch Ultra,New,799,7430.7,495.81,4611.03,37.9,Unknown,In Stock,4.5,4556
2023-03-02,Flipkart,Mac,MacBook Air M2 256GB,New,1199,11150.7,1206.27,11218.31,-0.6,Unknown,In Stock,4.4,1176
2022-12-19,Flipkart,iPad,iPad (9th Gen) 64GB,New,329,3059.7,226.86,2109.8,31.0,Unknown,Low Stock,4.6,2279
2025-10-07,Amazon,Mac,MacBook Pro 14-inch M4 Pro 512GB,Renewed/Refurbished,1999,18590.7,1385.39,12884.13,30.7,Great Indian Festival,Low Stock,4.4,575
2025-09-23,Flipkart,iPhone,iPhone 16 Pro 256GB,New,1099,10220.7,995.25,9255.83,9.4,Unknown,In Stock,4.3,1887
2024-08-27,Amazon,Watch,Apple Watch Series 9 (45mm),New,429,3989.7,422.29,3927.3,1.6,Unknown,In Stock,4.8,1372
2023-06-04,Amazon,Mac,MacBook Air M1 256GB,New,999,9290.7,784.31,7294.08,21.5,Unknown,Low Stock,4.3,3877
2025-01-08,Amazon,Mac,MacBook Pro 14-inch M2 Pro 512GB,New,1999,18590.7,1897.29,17644.8,5.1,Unknown,In Stock,4.2,3467
2024-10-14,Flipkart,Mac,MacBook Air M3 256GB,New,1099,10220.7,912.06,8482.16,17.0,Big Billion Days,Low Stock,4.3,716
2021-11-12,Flipkart,iPhone,iPhone 12 64GB,New,799,7430.7,696.67,6479.03,12.8,Unknown,In Stock,4.9,1426
2025-08-22,Amazon,iPad,iPad Pro 11-inch (M1) 128GB,New,799,7430.7,479.77,4461.86,40.0,Unknown,In Stock,4.8,6838
2026-02-07,Amazon,iPhone,iPhone 15 Pro Max 256GB,New,1199,11150.7,995.86,9261.5,16.900000000000002,Unknown,In Stock,4.7,5506
2026-02-01,Amazon,Mac,MacBook Pro 14-inch M4 Pro 512GB,Renewed/Refurbished,1999,18590.7,1595.68,14839.82,20.200000000000003,Unknown,In Stock,4.2,1764
2025-02-20,Flipkart,iPhone,iPhone 15 Pro Max 256GB,New,1199,11150.7,1096.74,10199.68,8.5,Unknown,In Stock,4.6,1552
2025-08-23,Amazon,Watch,Apple Watch Series 7 (45mm),New,429,3989.7,261.12,2428.42,39.1,Unknown,Low Stock,4.8,5014
2024-04-01,Amazon,Watch,Apple Watch Ultra 2,Renewed/Refurbished,799,7430.7,609.59,5669.19,23.7,Unknown,In Stock,4.2,229
2024-07-14,Amazon,iPhone,iPhone 12 64GB,New,799,7430.7,379.73,3531.49,52.5,Prime Day,In Stock,4.5,5541
2023-09-07,Flipkart,iPad,iPad (9th Gen) 64GB,New,329,3059.7,230.06,2139.56,30.1,Unknown,Out of Stock,4.5,3484
2024-09-27,Flipkart,iPhone,iPhone 13 Pro Max 256GB,New,1199,11150.7,888.19,8260.17,25.9,Unknown,In Stock,4.6,2458
2023-06-10,Flipkart,Watch,Apple Watch Series 6 (44mm),New,429,3989.7,255.72,2378.2,40.400000000000006,Unknown,In Stock,4.9,3597
2023-05-09,Flipkart,Watch,Apple Watch Series 8 (45mm),New,429,3989.7,424.1,3944.13,1.1,Unknown,In Stock,4.3,843
2024-10-05,Amazon,Mac,MacBook Air M2 256GB,Renewed/Refurbished,1199,11150.7,689.58,6413.09,42.5,Great Indian Festival,In Stock,3.8,1289
2026-04-20,Amazon,iPhone,iPhone 14 Pro 128GB,Renewed/Refurbished,999,9290.7,571.26,5312.72,42.8,Unknown,Out of Stock,4.0,3003
2024-11-25,Flipkart,iPad,iPad Pro 11-inch (M4) 256GB,New,999,9290.7,793.38,7378.43,20.6,Black Friday,Out of Stock,4.3,501
2025-11-18,Amazon,iPhone,iPhone 13 Pro Max 256GB,New,1199,11150.7,812.98,7560.71,32.2,Unknown,Out of Stock,4.8,3758
2025-08-15,Amazon,iPhone,iPhone 16 128GB,Renewed/Refurbished,799,7430.7,649.62,6041.47,18.7,Unknown,In Stock,4.3,778
2025-09-10,Flipkart,iPhone,iPhone 17 128GB,New,849,7895.7,718.59,6682.89,15.4,Big Billion Days,Out of Stock,4.2,148
2025-01-20,Flipkart,iPhone,iPhone 16 128GB,Renewed/Refurbished,799,7430.7,619.91,5765.16,22.4,Unknown,In Stock,3.9,329
2023-04-16,Flipkart,iPad,iPad Pro 12.9-inch (M2) 256GB,New,1199,11150.7,1185.05,11020.97,1.2,Unknown,In Stock,4.5,914
2026-07-25,Amazon,Mac,MacBook Pro 14-inch M2 Pro 512GB,Renewed/Refurbished,1999,18590.7,1390.1,12927.93,30.5,Unknown,Out of Stock,3.9,3403
2023-04-09,Flipkart,iPhone,iPhone 14 128GB,New,799,7430.7,798.01,7421.49,0.1,Unknown,In Stock,4.8,878
2024-11-28,Flipkart,Mac,MacBook Air M2 256GB,Renewed/Refurbished,1199,11150.7,659.32,6131.68,45.0,Black Friday,Low Stock,3.9,4578
2022-05-12,Flipkart,Watch,Apple Watch Ultra,New,799,7430.7,800.03,7440.28,-0.1,Unknown,In Stock,4.2,310
2026-02-08,Amazon,Mac,MacBook Pro 14-inch M4 Pro 512GB,New,1999,18590.7,1868.94,17381.14,6.5,Unknown,In Stock,4.5,1145
2024-05-10,Amazon,Watch,Apple Watch Series 8 (45mm),New,429,3989.7,216.25,2011.13,49.6,Great Indian Festival,In Stock,4.5,2229
2024-05-28,Amazon,iPhone,iPhone 14 128GB,New,799,7430.7,706.66,6571.94,11.6,Unknown,Low Stock,4.9,1856
2026-05-29,Amazon,Mac,MacBook Air M1 256GB,Renewed/Refurbished,999,9290.7,428.34,3983.56,57.1,Unknown,Out of Stock,3.9,9645
2023-03-22,Flipkart,iPad,iPad Pro 11-inch (M1) 128GB,New,799,7430.7,701.13,6520.51,12.2,Unknown,In Stock,4.9,2588
2024-01-30,Flipkart,Watch,Apple Watch Ultra 2,New,799,7430.7,786.73,7316.59,1.5,Unknown,Low Stock,4.9,377
2025-10-21,Amazon,iPhone,iPhone 12 Pro 128GB,New,999,9290.7,598.31,5564.28,40.1,Unknown,Out of Stock,4.8,9684
2025-09-30,Amazon,iPhone,iPhone 15 128GB,New,799,7430.7,588.32,5471.38,26.4,Unknown,In Stock,4.3,4035
2024-04-23,Amazon,Watch,Apple Watch Ultra 2,New,799,7430.7,799.59,7436.19,-0.1,Unknown,Low Stock,4.9,1206
2026-06-11,Flipkart,iPhone,iPhone 17 128GB,New,849,7895.7,844.29,7851.9,0.6,Unknown,Low Stock,4.3,1078
2021-02-28,Amazon,Watch,Apple Watch Series 6 (44mm),New,429,3989.7,424.34,3946.36,1.1,Unknown,In Stock,4.8,684
2026-04-13,Flipkart,iPhone,iPhone 13 128GB,New,799,7430.7,483.04,4492.27,39.5,Unknown,In Stock,4.3,7343
2025-05-02,Amazon,Watch,Apple Watch Series 9 (45mm),New,429,3989.7,330.48,3073.46,23.0,Unknown,In Stock,4.6,1191
2025-02-25,Flipkart,Watch,Apple Watch Ultra 2,New,799,7430.7,696.93,6481.45,12.8,Unknown,Low Stock,4.5,1667
2025-09-28,Amazon,Mac,MacBook Pro 14-inch M4 Pro 512GB,New,1999,18590.7,2035.72,18932.2,-1.7999999999999998,Unknown,In Stock,4.6,1015
2023-05-22,Flipkart,iPhone,iPhone 12 Pro 128GB,New,999,9290.7,807.52,7509.94,19.2,Unknown,In Stock,4.5,4316
2024-08-25,Flipkart,Watch,Apple Watch Series 9 (45mm),Renewed/Refurbished,429,3989.7,364.06,3385.76,15.1,Unknown,In Stock,3.9,1135
2024-11-05,Flipkart,iPhone,iPhone 12 Pro 128GB,Renewed/Refurbished,999,9290.7,547.71,5093.7,45.2,Unknown,Low Stock,4.0,2563
2026-12-03,Flipkart,Watch,Apple Watch Ultra 2,New,799,7430.7,598.28,5564.0,25.1,Unknown,In Stock,4.4,3564
2023-02-01,Amazon,Watch,Apple Watch Series 8 (45mm),Renewed/Refurbished,429,3989.7,305.53,2841.43,28.8,Unknown,In Stock,4.4,387
2023-12-28,Flipkart,iPhone,iPhone 15 Pro Max 256GB,New,1199,11150.7,1179.65,10970.75,1.6,Unknown,In Stock,4.6,536
2023-05-03,Flipkart,Watch,Apple Watch Series 6 (44mm),New,429,3989.7,254.24,2364.43,40.7,Unknown,In Stock,4.3,2173
2021-12-15,Amazon,Watch,Apple Watch Series 7 (45mm),New,429,3989.7,427.0,3971.1,0.5,Unknown,Low Stock,4.2,222
2024-11-08,Flipkart,iPhone,iPhone 13 128GB,New,799,7430.7,494.29,4596.9,38.1,Unknown,In Stock,4.6,6020
2026-04-05,Flipkart,iPad,iPad Air (5th Gen) 64GB,New,599,5570.7,361.67,3363.53,39.6,Unknown,In Stock,4.7,4173
2025-04-15,Flipkart,iPhone,iPhone 16 Pro 256GB,Renewed/Refurbished,1099,10220.7,908.71,8451.0,17.299999999999997,Unknown,In Stock,3.9,906
2026-06-27,Flipkart,Watch,Apple Watch Series 8 (45mm),New,429,3989.7,258.52,2404.24,39.7,Unknown,In Stock,4.7,3014
2025-03-12,Flipkart,iPhone,iPhone 16 128GB,Renewed/Refurbished,799,7430.7,531.79,4945.65,33.4,Unknown,In Stock,4.3,2064
2024-09-17,Amazon,Watch,Apple Watch Series 9 (45mm),New,429,3989.7,424.59,3948.69,1.0,Unknown,In Stock,4.3,744
2025-07-09,Flipkart,Mac,MacBook Air M1 256GB,Renewed/Refurbished,999,9290.7,485.86,4518.5,51.4,Unknown,In Stock,4.1,6829
2025-07-19,Flipkart,Mac,MacBook Air M2 256GB,New,1199,11150.7,904.86,8415.2,24.5,Unknown,Out of Stock,4.5,4464
2024-09-11,Amazon,iPad,iPad Pro 12.9-inch (M2) 256GB,Renewed/Refurbished,1199,11150.7,777.16,7227.59,35.2,Unknown,Low Stock,4.5,1732
2021-08-24,Amazon,Watch,Apple Watch Series 6 (44mm),New,429,3989.7,431.03,4008.58,-0.5,Unknown,Out of Stock,4.5,943
2026-01-17,Amazon,Watch,Apple Watch Series X (45mm),New,429,3989.7,326.4,3035.52,23.9,Unknown,In Stock,4.3,1469
2024-08-10,Amazon,iPhone,iPhone 14 Pro 128GB,New,999,9290.7,568.93,5291.05,43.0,Great Indian Festival,In Stock,4.5,3551
2022-11-27,Flipkart,Watch,Apple Watch Series 6 (44mm),New,429,3989.7,203.15,1889.3,52.6,Black Friday,Out of Stock,4.9,2024
2023-03-03,Amazon,iPad,iPad Pro 11-inch (M1) 128GB,Renewed/Refurbished,799,7430.7,541.83,5039.02,32.2,Unknown,In Stock,4.0,2922
2025-04-05,Amazon,Mac,MacBook Pro 14-inch M4 Pro 512GB,New,1999,18590.7,2035.14,18926.8,-1.7999999999999998,Unknown,In Stock,4.8,314
2023-10-16,Flipkart,iPhone,iPhone 15 128GB,Renewed/Refurbished,799,7430.7,664.01,6175.29,16.900000000000002,Unknown,In Stock,3.9,154
2025-08-19,Flipkart,Mac,MacBook Pro 14-inch M4 Pro 512GB,New,1999,18590.7,1960.35,18231.26,1.9,Unknown,Low Stock,4.2,870
2024-08-24,Flipkart,Watch,Apple Watch Series 9 (45mm),New,429,3989.7,423.71,3940.5,1.2,Unknown,Low Stock,4.6,692
2022-08-20,Amazon,Watch,Apple Watch Series 6 (44mm),New,429,3989.7,330.87,3077.09,22.9,Unknown,Low Stock,4.4,2429
2024-11-16,Flipkart,Mac,MacBook Pro 14-inch M2 Pro 512GB,New,1999,18590.7,1912.05,17782.07,4.3,Unknown,In Stock,4.6,1084
2025-09-18,Amazon,iPhone,iPhone 14 128GB,New,799,7430.7,496.26,4615.22,37.9,Unknown,Out of Stock,4.4,3087
2025-01-22,Amazon,iPhone,iPhone 12 64GB,Renewed/Refurbished,799,7430.7,344.21,3201.15,56.89999999999999,Unknown,Out of Stock,4.1,2623
2025-01-03,Flipkart,iPad,iPad Air (5th Gen) 64GB,New,599,5570.7,394.91,3672.66,34.1,Unknown,In Stock,4.6,4690
2024-10-21,Flipkart,Mac,MacBook Pro 14-inch M1 Pro 512GB,New,1999,18590.7,1817.65,16904.15,9.1,Unknown,In Stock,4.7,5131
2025-02-04,Flipkart,iPhone,iPhone 16 Pro 256GB,Renewed/Refurbished,1099,10220.7,907.57,8440.4,17.4,Unknown,In Stock,4.4,331
2025-08-27,Amazon,iPad,iPad Pro 11-inch (M1) 128GB,New,799,7430.7,477.86,4444.1,40.2,Unknown,Out of Stock,4.3,6261
2025-04-29,Amazon,Mac,MacBook Pro 14-inch M4 Pro 512GB,New,1999,18590.7,2028.63,18866.26,-1.5,Unknown,In Stock,4.7,909
2022-05-29,Amazon,iPad,iPad (9th Gen) 64GB,Renewed/Refurbished,329,3059.7,263.35,2449.16,20.0,Unknown,In Stock,3.8,857
2023-08-16,Flipkart,Watch,Apple Watch Series 7 (45mm),New,429,3989.7,327.02,3041.29,23.8,Unknown,In Stock,4.5,2690
2026-03-17,Flipkart,iPhone,iPhone 13 128GB,New,799,7430.7,482.01,4482.69,39.7,Unknown,Out of Stock,4.6,5124
2026-05-13,Amazon,iPhone,iPhone 16 128GB,New,799,7430.7,685.89,6378.78,14.2,Unknown,In Stock,4.2,2738
2024-10-04,Amazon,Mac,MacBook Pro 14-inch M3 Pro 512GB,New,1999,18590.7,1976.81,18384.33,1.1,Unknown,In Stock,4.8,318
2025-08-25,Amazon,Watch,Apple Watch Series 7 (45mm),New,429,3989.7,255.26,2373.92,40.5,Unknown,Out of Stock,4.2,5749
2022-07-18,Amazon,iPad,iPad Air (4th Gen) 64GB,New,599,5570.7,374.78,3485.45,37.4,Prime Day,In Stock,4.4,2385
2023-02-08,Amazon,Mac,MacBook Air M2 256GB,New,1199,11150.7,1192.91,11094.06,0.5,Unknown,Low Stock,4.4,1058
2025-11-19,Flipkart,Watch,Apple Watch Series X (45mm),New,429,3989.7,323.86,3011.9,24.5,Unknown,Low Stock,4.2,669
2025-11-23,Flipkart,iPhone,iPhone 17 128GB,New,849,7895.7,684.44,6365.29,19.4,Black Friday,In Stock,4.9,324
2025-12-22,Amazon,iPhone,iPhone 15 128GB,New,799,7430.7,610.0,5673.0,23.7,Unknown,In Stock,4.9,4038
2021-11-18,Amazon,iPad,iPad (9th Gen) 64GB,New,329,3059.7,332.58,3092.99,-1.1,Unknown,Low Stock,4.7,370
2021-01-26,Amazon,Mac,MacBook Air M1 256GB,Renewed/Refurbished,999,9290.7,719.59,6692.19,28.000000000000004,Unknown,Low Stock,3.9,162
2023-11-21,Flipkart,iPhone,iPhone 14 128GB,New,799,7430.7,634.72,5902.9,20.6,Black Friday,In Stock,4.7,1676
2024-10-06,Flipkart,Mac,MacBook Air M2 256GB,New,1199,11150.7,1097.13,10203.31,8.5,Unknown,In Stock,4.8,2120
2026-06-02,Amazon,Mac,MacBook Air M2 256GB,Renewed/Refurbished,1199,11150.7,719.11,6687.72,40.0,Unknown,Low Stock,4.3,5274
2024-10-28,Flipkart,iPad,iPad Air (4th Gen) 64GB,New,599,5570.7,356.27,3313.31,40.5,Unknown,Low Stock,4.4,7336
2024-05-16,Flipkart,Mac,MacBook Air M2 256GB,New,1199,11150.7,1114.01,10360.29,7.1,Unknown,Low Stock,4.4,1938
2024-03-27,Amazon,Mac,MacBook Air M3 256GB,New,1099,10220.7,1078.29,10028.1,1.9,Unknown,In Stock,4.2,119
2022-04-01,Amazon,Watch,Apple Watch Series 7 (45mm),New,429,3989.7,429.46,3993.98,-0.1,Unknown,In Stock,4.8,176
2025-12-05,Flipkart,iPhone,iPhone 17 128GB,New,849,7895.7,856.63,7966.66,-0.8999999999999999,Unknown,In Stock,4.7,415
2025-03-09,Flipkart,Mac,MacBook Pro 14-inch M1 Pro 512GB,New,1999,18590.7,1712.82,15929.23,14.3,Unknown,Low Stock,4.4,5998
2025-07-25,Flipkart,Watch,Apple Watch Series 7 (45mm),Renewed/Refurbished,429,3989.7,190.76,1774.07,55.50000000000001,Unknown,In Stock,3.8,7199
2024-02-07,Amazon,Watch,Apple Watch Series 9 (45mm),New,429,3989.7,431.75,4015.28,-0.6,Unknown,In Stock,4.5,856
2026-07-30,Amazon,iPhone,iPhone 12 64GB,Renewed/Refurbished,799,7430.7,371.23,3452.44,53.5,Unknown,Low Stock,4.1,4143
2021-09-16,Flipkart,Mac,MacBook Air M1 256GB,New,999,9290.7,1006.68,9362.12,-0.8,Unknown,Out of Stock,4.8,591
2024-09-25,Flipkart,iPhone,iPhone 16 Pro 256GB,New,1099,10220.7,1105.26,10278.92,-0.6,Unknown,In Stock,4.3,113
2024-06-30,Amazon,Watch,Apple Watch Ultra 2,New,799,7430.7,784.73,7297.99,1.7999999999999998,Unknown,In Stock,4.8,1169
2022-11-03,Flipkart,iPad,iPad Air (5th Gen) 64GB,New,599,5570.7,594.68,5530.52,0.7000000000000001,Unknown,In Stock,4.8,1204
2024-06-12,Flipkart,iPad,iPad Air (5th Gen) 64GB,Renewed/Refurbished,599,5570.7,324.21,3015.15,45.9,Unknown,In Stock,4.3,4576
2026-02-23,Amazon,Watch,Apple Watch Ultra 2,Renewed/Refurbished,799,7430.7,504.06,4687.76,36.9,Unknown,In Stock,4.5,1581
2025-12-09,Amazon,Watch,Apple Watch Series 9 (45mm),New,429,3989.7,262.24,2438.83,38.9,Unknown,In Stock,4.8,2937
2025-10-31,Amazon,Watch,Apple Watch Series 8 (45mm),Renewed/Refurbished,429,3989.7,185.41,1724.31,56.8,Unknown,Out of Stock,3.8,3403
2025-11-30,Flipkart,Watch,Apple Watch Ultra 2,New,799,7430.7,481.5,4477.95,39.7,Black Friday,In Stock,4.3,3396
2024-10-13,Amazon,iPad,iPad Pro 12.9-inch (M2) 256GB,New,1199,11150.7,907.6,8440.68,24.3,Great Indian Festival,Out of Stock,4.9,3457
2026-07-07,Flipkart,iPhone,iPhone 17 128GB,New,849,7895.7,855.32,7954.48,-0.7000000000000001,Unknown,Out of Stock,4.5,929
2020-12-23,Amazon,iPhone,iPhone 12 Pro 128GB,New,999,9290.7,1007.96,9374.03,-0.8999999999999999,Unknown,Out of Stock,4.4,267
2023-05-21,Flipkart,iPad,iPad Pro 12.9-inch (M2) 256GB,New,1199,11150.7,1201.42,11173.21,-0.2,Unknown,In Stock,4.5,1123
2023-08-24,Amazon,iPhone,iPhone 12 Pro 128GB,Renewed/Refurbished,999,9290.7,665.08,6185.24,33.4,Unknown,In Stock,4.3,3088
2024-07-17,Amazon,iPad,iPad Pro 11-inch (M4) 256GB,New,999,9290.7,887.84,8256.91,11.1,Prime Day,Low Stock,4.5,374
2024-09-21,Flipkart,Watch,Apple Watch Series X (45mm),New,429,3989.7,422.08,3925.34,1.6,Unknown,In Stock,4.9,21
2023-08-03,Amazon,iPad,iPad Air (5th Gen) 64GB,New,599,5570.7,605.66,5632.64,-1.1,Unknown,In Stock,4.2,591
2025-06-03,Amazon,iPhone,iPhone 16 128GB,Renewed/Refurbished,799,7430.7,596.0,5542.8,25.4,Unknown,In Stock,4.2,905
2024-07-20,Flipkart,iPhone,iPhone 12 64GB,New,799,7430.7,500.32,4652.98,37.4,Unknown,In Stock,4.9,2799
2024-07-27,Amazon,Mac,MacBook Pro 14-inch M3 Pro 512GB,New,1999,18590.7,2012.93,18720.25,-0.7000000000000001,Unknown,In Stock,4.9,1150
2025-09-01,Amazon,Watch,Apple Watch Series X (45mm),New,429,3989.7,421.4,3919.02,1.7999999999999998,Unknown,In Stock,4.4,566
2024-12-25,Flipkart,iPhone,iPhone 15 128GB,New,799,7430.7,686.15,6381.2,14.099999999999998,Unknown,In Stock,4.5,1842
2025-07-18,Flipkart,iPhone,iPhone 16 Pro 256GB,Renewed/Refurbished,1099,10220.7,926.1,8612.73,15.7,Unknown,Low Stock,4.1,1507
2025-05-30,Flipkart,Watch,Apple Watch Series X (45mm),Renewed/Refurbished,429,3989.7,338.78,3150.65,21.0,Unknown,In Stock,4.0,765
2023-12-23,Flipkart,Watch,Apple Watch Series 7 (45mm),Renewed/Refurbished,429,3989.7,185.79,1727.85,56.7,Unknown,In Stock,4.5,1422
2025-08-24,Flipkart,iPhone,iPhone 13 128GB,New,799,7430.7,490.44,4561.09,38.6,Unknown,Out of Stock,4.3,6892
2025-08-06,Flipkart,iPhone,iPhone 15 Pro Max 256GB,New,1199,11150.7,1120.97,10425.02,6.5,Unknown,In Stock,4.5,1918
2023-12-16,Amazon,Watch,Apple Watch Series 6 (44mm),Renewed/Refurbished,429,3989.7,199.25,1853.03,53.6,Unknown,Out of Stock,3.9,6151
2025-10-07,Flipkart,iPhone,iPhone 15 Pro Max 256GB,New,1199,11150.7,728.86,6778.4,39.2,Big Billion Days,Out of Stock,4.4,2959
2025-12-26,Flipkart,Watch,Apple Watch Series X (45mm),New,429,3989.7,327.44,3045.19,23.7,Unknown,In Stock,4.5,1760
2026-03-19,Amazon,iPhone,iPhone 16 128GB,New,799,7430.7,710.38,6606.53,11.1,Unknown,In Stock,4.7,934
2024-01-17,Flipkart,Mac,MacBook Pro 14-inch M1 Pro 512GB,New,1999,18590.7,1834.45,17060.39,8.200000000000001,Unknown,In Stock,4.5,1332
2023-11-24,Amazon,iPhone,iPhone 15 Pro Max 256GB,New,1199,11150.7,990.1,9207.93,17.4,Black Friday,In Stock,4.6,321
2025-02-20,Flipkart,Mac,MacBook Air M3 256GB,New,1099,10220.7,1092.32,10158.58,0.6,Unknown,In Stock,4.5,1888
2023-12-28,Amazon,iPhone,iPhone 14 Pro 128GB,New,999,9290.7,897.85,8350.01,10.1,Unknown,In Stock,4.4,1623
2024-05-21,Amazon,Watch,Apple Watch Series 8 (45mm),New,429,3989.7,333.85,3104.81,22.2,Unknown,Out of Stock,4.7,1629
2021-11-21,Amazon,iPhone,iPhone 13 Pro Max 256GB,New,1199,11150.7,1014.77,9437.36,15.4,Black Friday,In Stock,4.5,234
2023-06-13,Flipkart,Watch,Apple Watch Series 8 (45mm),New,429,3989.7,427.21,3973.05,0.4,Unknown,In Stock,4.3,689
2023-10-24,Amazon,iPhone,iPhone 15 128GB,Renewed/Refurbished,799,7430.7,653.76,6079.97,18.2,Unknown,In Stock,4.1,123
2022-08-22,Amazon,iPad,iPad (9th Gen) 64GB,New,329,3059.7,335.57,3120.8,-2.0,Unknown,In Stock,4.5,1765
2023-11-07,Amazon,Watch,Apple Watch Series 9 (45mm),New,429,3989.7,434.5,4040.85,-1.3,Unknown,Out of Stock,4.7,170
2020-12-19,Flipkart,iPhone,iPhone 12 64GB,New,799,7430.7,812.7,7558.11,-1.7000000000000002,Unknown,In Stock,4.7,277
2024-10-22,Flipkart,Mac,MacBook Air M2 256GB,New,1199,11150.7,1006.88,9363.98,16.0,Unknown,Low Stock,4.6,2400
2022-11-01,Amazon,iPad,iPad (9th Gen) 64GB,New,329,3059.7,228.6,2125.98,30.5,Unknown,In Stock,4.8,1481
2025-05-26,Amazon,Mac,MacBook Air M2 256GB,New,1199,11150.7,998.94,9290.14,16.7,Unknown,In Stock,4.4,5780
2023-01-03,Amazon,Mac,MacBook Air M1 256GB,Renewed/Refurbished,999,9290.7,580.2,5395.86,41.9,Unknown,In Stock,4.4,1622
2025-11-24,Amazon,Mac,MacBook Pro 14-inch M4 Pro 512GB,New,1999,18590.7,1696.94,15781.54,15.1,Black Friday,In Stock,4.5,1234
2024-10-15,Flipkart,iPhone,iPhone 16 128GB,New,799,7430.7,589.94,5486.44,26.200000000000003,Big Billion Days,In Stock,4.7,193
2025-05-27,Flipkart,iPhone,iPhone 15 Pro Max 256GB,Renewed/Refurbished,1199,11150.7,788.87,7336.49,34.2,Unknown,Out of Stock,4.5,1782
2025-09-10,Amazon,Mac,MacBook Pro 14-inch M3 Pro 512GB,New,1999,18590.7,1906.47,17730.17,4.6,Unknown,In Stock,4.3,1917
2025-09-28,Amazon,iPhone,iPhone 16 128GB,New,799,7430.7,700.6,6515.58,12.3,Unknown,In Stock,4.7,761
2026-05-16,Flipkart,iPhone,iPhone 16 Pro 256GB,Renewed/Refurbished,1099,10220.7,766.27,7126.31,30.3,Unknown,In Stock,4.2,926
2025-03-19,Flipkart,iPhone,iPhone 15 128GB,Renewed/Refurbished,799,7430.7,518.18,4819.07,35.099999999999994,Unknown,In Stock,3.9,1836
2021-10-11,Flipkart,Mac,MacBook Pro 14-inch M1 Pro 512GB,New,1999,18590.7,2005.43,18650.5,-0.3,Unknown,In Stock,4.3,72
2024-01-17,Flipkart,iPhone,iPhone 13 Pro Max 256GB,Renewed/Refurbished,1199,11150.7,744.26,6921.62,37.9,Unknown,Out of Stock,4.0,2983
2023-08-29,Flipkart,iPad,iPad Air (4th Gen) 64GB,New,599,5570.7,398.9,3709.77,33.4,Unknown,In Stock,4.6,3498
2020-09-29,Flipkart,Watch,Apple Watch Series 6 (44mm),Renewed/Refurbished,429,3989.7,312.11,2902.62,27.200000000000003,Unknown,In Stock,4.4,146
2024-05-17,Flipkart,Mac,MacBook Pro 14-inch M2 Pro 512GB,New,1999,18590.7,1935.51,18000.24,3.2,Unknown,In Stock,4.7,1846
2024-01-01,Flipkart,Watch,Apple Watch Series 8 (45mm),New,429,3989.7,332.86,3095.6,22.4,Unknown,In Stock,4.3,1388
2025-09-08,Flipkart,iPhone,iPhone 12 Pro 128GB,New,999,9290.7,607.29,5647.8,39.2,Unknown,In Stock,4.6,3131
2024-02-13,Amazon,Watch,Apple Watch Series 9 (45mm),Renewed/Refurbished,429,3989.7,328.64,3056.35,23.4,Unknown,In Stock,4.4,684
2025-03-15,Amazon,Watch,Apple Watch Series X (45mm),New,429,3989.7,428.12,3981.52,0.2,Unknown,Low Stock,4.9,559
2024-11-19,Flipkart,Mac,MacBook Pro 14-inch M4 Pro 512GB,New,1999,18590.7,1982.03,18432.88,0.8,Unknown,In Stock,4.8,128
2023-04-07,Flipkart,iPad,iPad Air (5th Gen) 64GB,New,599,5570.7,492.54,4580.62,17.8,Unknown,In Stock,4.4,2228
2025-03-14,Flipkart,iPad,iPad (9th Gen) 64GB,New,329,3059.7,193.71,1801.5,41.1,Unknown,Out of Stock,4.9,3386
2026-05-05,Amazon,Mac,MacBook Pro 14-inch M4 Pro 512GB,New,1999,18590.7,1904.78,17714.45,4.7,Unknown,In Stock,4.7,1314
2025-03-31,Amazon,Watch,Apple Watch Series 6 (44mm),Renewed/Refurbished,429,3989.7,182.89,1700.88,57.4,Unknown,In Stock,4.4,8892
2026-05-19,Amazon,Watch,Apple Watch Series 8 (45mm),New,429,3989.7,255.97,2380.52,40.3,Unknown,Low Stock,4.3,6937
2025-04-17,Amazon,iPhone,iPhone 12 64GB,Renewed/Refurbished,799,7430.7,376.63,3502.66,52.900000000000006,Unknown,In Stock,4.1,5511
2023-11-16,Flipkart,Watch,Apple Watch Ultra,New,799,7430.7,705.34,6559.66,11.7,Unknown,In Stock,4.6,1114
2024-09-10,Amazon,iPhone,iPhone 16 Pro 256GB,Renewed/Refurbished,1099,10220.7,698.67,6497.63,36.4,Great Indian Festival,In Stock,4.2,89
2026-02-03,Flipkart,Mac,MacBook Pro 14-inch M4 Pro 512GB,New,1999,18590.7,1929.94,17948.44,3.5000000000000004,Unknown,In Stock,4.6,1145
2022-01-03,Amazon,Mac,MacBook Air M1 256GB,New,999,9290.7,899.2,8362.56,10.0,Unknown,Out of Stock,4.6,770
2024-04-11,Flipkart,Mac,MacBook Pro 14-inch M1 Pro 512GB,New,1999,18590.7,1829.75,17016.68,8.5,Unknown,In Stock,4.3,3222
2026-01-07,Flipkart,iPhone,iPhone 15 Pro Max 256GB,New,1199,11150.7,991.3,9219.09,17.299999999999997,Unknown,In Stock,4.6,3802
2025-03-20,Amazon,Watch,Apple Watch Ultra 2,Renewed/Refurbished,799,7430.7,553.81,5150.43,30.7,Unknown,In Stock,4.3,2685
2025-10-30,Amazon,iPhone,iPhone 15 Pro Max 256GB,New,1199,11150.7,993.96,9243.83,17.1,Unknown,In Stock,4.5,3229
2025-12-27,Flipkart,iPhone,iPhone 16 128GB,New,799,7430.7,696.08,6473.54,12.9,Unknown,In Stock,4.5,1887
2025-02-23,Flipkart,iPhone,iPhone 16 128GB,New,799,7430.7,804.56,7482.41,-0.7000000000000001,Unknown,In Stock,4.3,844
2025-10-27,Flipkart,iPad,iPad Pro 11-inch (M1) 128GB,New,799,7430.7,471.79,4387.65,41.0,Unknown,Low Stock,4.6,8579
2023-07-10,Amazon,iPhone,iPhone 15 Pro Max 256GB,New,1199,11150.7,1019.49,9481.26,15.0,Great Indian Festival,In Stock,4.7,93
2025-11-07,Flipkart,Mac,MacBook Air M1 256GB,New,999,9290.7,593.3,5517.69,40.6,Unknown,Out of Stock,4.9,9767
2024-11-23,Amazon,Watch,Apple Watch Ultra 2,Renewed/Refurbished,799,7430.7,455.46,4235.78,43.0,Black Friday,In Stock,3.9,2328
2025-03-29,Flipkart,iPad,iPad Air (5th Gen) 64GB,Renewed/Refurbished,599,5570.7,263.51,2450.64,56.00000000000001,Unknown,Low Stock,4.1,5543
2024-12-04,Flipkart,iPad,iPad Pro 11-inch (M1) 128GB,New,799,7430.7,590.59,5492.49,26.1,Unknown,Low Stock,4.6,2489
2026-03-06,Flipkart,iPhone,iPhone 17 128GB,Renewed/Refurbished,849,7895.7,695.56,6468.71,18.1,Unknown,In Stock,4.0,1145
2024-01-07,Flipkart,Mac,MacBook Air M3 256GB,Renewed/Refurbished,1099,10220.7,866.4,8057.52,21.2,Unknown,Low Stock,4.4,513
2021-03-08,Amazon,Watch,Apple Watch Series 6 (44mm),Renewed/Refurbished,429,3989.7,356.89,3319.08,16.8,Unknown,In Stock,4.2,486
2023-03-23,Amazon,iPhone,iPhone 13 128GB,Renewed/Refurbished,799,7430.7,581.11,5404.32,27.3,Unknown,In Stock,4.3,1884
2023-07-24,Flipkart,iPad,iPad (9th Gen) 64GB,New,329,3059.7,231.36,2151.65,29.7,Unknown,In Stock,4.8,3075
2026-01-05,Amazon,iPad,iPad Air (5th Gen) 64GB,New,599,5570.7,362.16,3368.09,39.5,Unknown,Low Stock,4.6,3572
2023-10-19,Amazon,iPad,iPad Pro 11-inch (M1) 128GB,Renewed/Refurbished,799,7430.7,422.39,3928.23,47.1,Unknown,In Stock,4.4,2321
2023-10-17,Amazon,iPhone,iPhone 12 64GB,Renewed/Refurbished,799,7430.7,456.68,4247.12,42.8,Unknown,Out of Stock,4.3,5653
2026-06-21,Amazon,Watch,Apple Watch Series X (45mm),New,429,3989.7,333.7,3103.41,22.2,Unknown,In Stock,4.5,1957
2024-08-25,Flipkart,Watch,Apple Watch Series 9 (45mm),New,429,3989.7,420.58,3911.39,2.0,Unknown,Out of Stock,4.7,1748
2025-02-25,Flipkart,iPad,iPad Pro 11-inch (M4) 256GB,Renewed/Refurbished,999,9290.7,712.82,6629.23,28.6,Unknown,In Stock,4.1,1387
2023-04-19,Amazon,iPhone,iPhone 13 Pro Max 256GB,New,1199,11150.7,1079.09,10035.54,10.0,Unknown,In Stock,4.7,2910
2025-03-26,Flipkart,iPad,iPad Pro 12.9-inch (M2) 256GB,New,1199,11150.7,999.51,9295.44,16.6,Unknown,In Stock,4.3,3857
2024-12-17,Amazon,iPhone,iPhone 12 Pro 128GB,Renewed/Refurbished,999,9290.7,477.0,4436.1,52.3,Unknown,Out of Stock,4.2,4480
2026-05-13,Amazon,Mac,MacBook Pro 14-inch M4 Pro 512GB,New,1999,18590.7,1902.98,17697.71,4.8,Unknown,Out of Stock,4.8,2320
2024-01-02,Flipkart,iPhone,iPhone 15 128GB,New,799,7430.7,814.96,7579.13,-2.0,Unknown,In Stock,4.3,606
2024-01-21,Amazon,iPhone,iPhone 15 Pro Max 256GB,New,1199,11150.7,1202.85,11186.5,-0.3,Unknown,In Stock,4.6,623
2026-03-18,Amazon,Mac,MacBook Pro 14-inch M2 Pro 512GB,New,1999,18590.7,1686.5,15684.45,15.6,Unknown,Out of Stock,4.4,2225
2025-10-19,Flipkart,Watch,Apple Watch Series 9 (45mm),New,429,3989.7,258.69,2405.82,39.7,Unknown,In Stock,4.2,1798
2023-09-04,Amazon,iPhone,iPhone 14 128GB,New,799,7430.7,786.36,7313.15,1.6,Unknown,In Stock,4.2,585
2025-08-26,Amazon,iPhone,iPhone 14 128GB,New,799,7430.7,595.47,5537.87,25.5,Unknown,In Stock,4.7,4113
2023-12-16,Amazon,iPad,iPad Pro 12.9-inch (M2) 256GB,New,1199,11150.7,1107.05,10295.57,7.7,Unknown,In Stock,4.6,603
2025-10-11,Amazon,Watch,Apple Watch Ultra 2,New,799,7430.7,605.64,5632.45,24.2,Unknown,In Stock,4.6,3173
2024-11-30,Amazon,iPad,iPad Air (5th Gen) 64GB,New,599,5570.7,345.79,3215.85,42.3,Black Friday,In Stock,4.9,3749
2025-04-22,Flipkart,Watch,Apple Watch Series X (45mm),New,429,3989.7,421.78,3922.55,1.7000000000000002,Unknown,In Stock,4.3,606
2022-11-19,Flipkart,Watch,Apple Watch Series 8 (45mm),New,429,3989.7,436.33,4057.87,-1.7000000000000002,Unknown,Low Stock,4.7,136
2026-03-18,Amazon,iPhone,iPhone 15 128GB,New,799,7430.7,601.92,5597.86,24.7,Unknown,In Stock,4.6,3856
2024-01-05,Amazon,Watch,Apple Watch Ultra,New,799,7430.7,699.99,6509.91,12.4,Unknown,In Stock,4.2,2960
2021-06-18,Amazon,iPad,iPad Pro 11-inch (M1) 128GB,New,799,7430.7,791.84,7364.11,0.8999999999999999,Unknown,Low Stock,4.3,221
2025-12-01,Amazon,Mac,MacBook Pro 14-inch M1 Pro 512GB,New,1999,18590.7,1584.17,14732.78,20.8,Unknown,In Stock,4.9,2816
2025-12-15,Flipkart,iPad,iPad Pro 11-inch (M4) 256GB,Renewed/Refurbished,999,9290.7,712.88,6629.78,28.6,Unknown,In Stock,4.4,1560
2026-04-27,Amazon,iPad,iPad (9th Gen) 64GB,New,329,3059.7,196.1,1823.73,40.400000000000006,Unknown,Out of Stock,4.3,5857
2025-11-14,Flipkart,Watch,Apple Watch Ultra,New,799,7430.7,492.29,4578.3,38.4,Unknown,Out of Stock,4.2,4077
2025-08-23,Flipkart,Mac,MacBook Pro 14-inch M3 Pro 512GB,New,1999,18590.7,1897.99,17651.31,5.1,Unknown,In Stock,4.2,1529
2023-01-14,Flipkart,Mac,MacBook Pro 14-inch M1 Pro 512GB,New,1999,18590.7,1889.79,17575.05,5.5,Unknown,In Stock,4.4,674
2023-04-21,Flipkart,iPhone,iPhone 14 128GB,Renewed/Refurbished,799,7430.7,583.31,5424.78,27.0,Unknown,Low Stock,4.4,668
2024-07-02,Amazon,iPhone,iPhone 13 128GB,New,799,7430.7,590.0,5487.0,26.200000000000003,Unknown,In Stock,4.6,1836
2022-01-06,Flipkart,iPhone,iPhone 13 Pro Max 256GB,New,1199,11150.7,1178.42,10959.31,1.7000000000000002,Unknown,In Stock,4.7,238
2025-12-07,Flipkart,iPhone,iPhone 17 128GB,Renewed/Refurbished,849,7895.7,707.46,6579.38,16.7,Unknown,In Stock,3.8,220
2025-06-20,Flipkart,iPhone,iPhone 14 Pro 128GB,New,999,9290.7,795.22,7395.55,20.4,Unknown,Out of Stock,4.4,3925
2026-07-23,Amazon,Mac,MacBook Air M2 256GB,New,1199,11150.7,812.0,7551.6,32.300000000000004,Unknown,Out of Stock,4.7,4214
2026-03-02,Flipkart,iPhone,iPhone 13 Pro Max 256GB,New,1199,11150.7,789.84,7345.51,34.1,Unknown,Low Stock,4.3,4803
2024-05-30,Amazon,Mac,MacBook Pro 14-inch M1 Pro 512GB,New,1999,18590.7,1834.15,17057.6,8.200000000000001,Unknown,Out of Stock,4.5,1498
2025-09-16,Amazon,Watch,Apple Watch Ultra 2,New,799,7430.7,706.42,6569.71,11.6,Unknown,In Stock,4.6,2982
2023-01-04,Amazon,iPad,iPad (9th Gen) 64GB,New,329,3059.7,225.79,2099.85,31.4,Unknown,In Stock,4.7,2807
2022-04-19,Amazon,iPhone,iPhone 12 Pro 128GB,New,999,9290.7,914.21,8502.15,8.5,Unknown,In Stock,4.8,2554
2023-02-05,Amazon,iPhone,iPhone 13 128GB,New,799,7430.7,690.63,6422.86,13.6,Unknown,Low Stock,4.4,2307
2024-04-18,Flipkart,Mac,MacBook Air M3 256GB,Renewed/Refurbished,1099,10220.7,868.02,8072.59,21.0,Unknown,Out of Stock,4.0,190
2026-05-17,Amazon,iPhone,iPhone 17 128GB,New,849,7895.7,847.08,7877.84,0.2,Unknown,In Stock,4.7,914
2024-12-13,Flipkart,iPhone,iPhone 15 Pro Max 256GB,Renewed/Refurbished,1199,11150.7,807.56,7510.31,32.6,Unknown,In Stock,4.3,1073
2025-06-07,Amazon,Watch,Apple Watch Ultra,New,799,7430.7,608.65,5660.45,23.8,Unknown,In Stock,4.2,2435
2024-10-26,Amazon,Watch,Apple Watch Ultra,New,799,7430.7,605.63,5632.36,24.2,Unknown,In Stock,4.8,3357
2021-06-27,Amazon,iPad,iPad Pro 11-inch (M1) 128GB,New,799,7430.7,788.54,7333.42,1.3,Unknown,In Stock,4.2,235
2026-11-07,Amazon,Mac,MacBook Air M2 256GB,Renewed/Refurbished,1199,11150.7,546.54,5082.82,54.400000000000006,Prime Day,In Stock,4.3,4693
2025-02-09,Amazon,Mac,MacBook Air M3 256GB,New,1099,10220.7,990.89,9215.28,9.8,Unknown,In Stock,4.5,2257
2026-12-05,Amazon,Mac,MacBook Pro 14-inch M2 Pro 512GB,New,1999,18590.7,1697.37,15785.54,15.1,Unknown,Out of Stock,4.2,3489
2024-04-23,Amazon,iPhone,iPhone 14 Pro 128GB,Renewed/Refurbished,999,9290.7,638.98,5942.51,36.0,Unknown,In Stock,4.4,2937
2024-08-23,Flipkart,iPhone,iPhone 13 Pro Max 256GB,New,1199,11150.7,994.03,9244.48,17.1,Unknown,In Stock,4.9,2063
2026-04-15,Amazon,Mac,MacBook Pro 14-inch M1 Pro 512GB,New,1999,18590.7,1615.36,15022.85,19.2,Unknown,In Stock,4.3,4397
2025-09-21,Flipkart,Watch,Apple Watch Series 7 (45mm),New,429,3989.7,261.08,2428.04,39.1,Unknown,Low Stock,4.7,7642
2021-10-02,Amazon,iPhone,iPhone 12 Pro 128GB,New,999,9290.7,992.22,9227.65,0.7000000000000001,Unknown,Low Stock,4.8,589
2025-10-04,Amazon,Watch,Apple Watch Ultra,New,799,7430.7,423.99,3943.11,46.9,Great Indian Festival,Out of Stock,4.7,4849
2023-04-18,Amazon,iPad,iPad Air (4th Gen) 64GB,New,599,5570.7,402.47,3742.97,32.800000000000004,Unknown,In Stock,4.5,1755
2023-12-18,Amazon,Mac,MacBook Pro 14-inch M1 Pro 512GB,Renewed/Refurbished,1999,18590.7,1343.66,12496.04,32.800000000000004,Unknown,In Stock,4.1,1505
2025-08-05,Flipkart,iPad,iPad Pro 12.9-inch (M2) 256GB,New,1199,11150.7,1015.62,9445.27,15.3,Unknown,In Stock,4.9,3012
2025-06-11,Amazon,Mac,MacBook Pro 14-inch M1 Pro 512GB,Renewed/Refurbished,1999,18590.7,1240.19,11533.77,38.0,Unknown,In Stock,4.4,2173
2025-01-08,Flipkart,Mac,MacBook Air M3 256GB,New,1099,10220.7,1090.72,10143.7,0.8,Unknown,In Stock,4.8,1591
2024-12-24,Amazon,Mac,MacBook Pro 14-inch M2 Pro 512GB,New,1999,18590.7,1916.67,17825.03,4.1000000000000005,Unknown,In Stock,4.8,2809
2025-03-01,Flipkart,iPad,iPad Pro 11-inch (M4) 256GB,New,999,9290.7,995.41,9257.31,0.4,Unknown,Out of Stock,4.7,615
2024-07-08,Flipkart,iPad,iPad Air (5th Gen) 64GB,New,599,5570.7,400.54,3725.02,33.1,Unknown,In Stock,4.8,1923
2025-03-23,Amazon,iPhone,iPhone 15 128GB,Renewed/Refurbished,799,7430.7,563.8,5243.34,29.4,Unknown,Low Stock,3.9,2776
2023-04-26,Flipkart,Mac,MacBook Pro 14-inch M2 Pro 512GB,New,1999,18590.7,1964.93,18273.85,1.7000000000000002,Unknown,In Stock,4.5,330
2022-02-01,Flipkart,Watch,Apple Watch Series 6 (44mm),Renewed/Refurbished,429,3989.7,276.34,2569.96,35.6,Unknown,In Stock,3.9,2578
2022-03-20,Amazon,Mac,MacBook Air M1 256GB,New,999,9290.7,907.82,8442.73,9.1,Unknown,In Stock,4.6,964
2026-11-06,Amazon,iPad,iPad Pro 11-inch (M1) 128GB,New,799,7430.7,484.49,4505.76,39.4,Unknown,Out of Stock,4.3,2669
2024-06-11,Flipkart,iPhone,iPhone 13 128GB,New,799,7430.7,503.39,4681.53,37.0,Unknown,Low Stock,4.2,5974
2024-01-28,Amazon,iPad,iPad Air (5th Gen) 64GB,New,599,5570.7,499.99,4649.91,16.5,Unknown,In Stock,4.8,3477
2025-04-11,Amazon,iPad,iPad Pro 11-inch (M4) 256GB,New,999,9290.7,882.29,8205.3,11.7,Unknown,Low Stock,4.8,2612
2023-02-05,Flipkart,iPad,iPad Pro 11-inch (M1) 128GB,Renewed/Refurbished,799,7430.7,563.06,5236.46,29.5,Unknown,In Stock,4.5,2599
2025-12-02,Flipkart,Watch,Apple Watch Series 8 (45mm),Renewed/Refurbished,429,3989.7,193.26,1797.32,54.900000000000006,Unknown,In Stock,4.0,3240
2025-04-09,Amazon,iPhone,iPhone 15 Pro Max 256GB,Renewed/Refurbished,1199,11150.7,932.94,8676.34,22.2,Unknown,Low Stock,4.0,3336
2024-06-10,Amazon,Mac,MacBook Pro 14-inch M1 Pro 512GB,Renewed/Refurbished,1999,18590.7,1139.2,10594.56,43.0,Great Indian Festival,In Stock,4.2,5184
2026-04-07,Flipkart,iPad,iPad (9th Gen) 64GB,Renewed/Refurbished,329,3059.7,170.63,1586.86,48.1,Unknown,Out of Stock,3.8,4844
2025-11-01,Flipkart,iPad,iPad Air (5th Gen) 64GB,Renewed/Refurbished,599,5570.7,305.66,2842.64,49.0,Unknown,In Stock,4.2,5491
2026-04-16,Flipkart,iPhone,iPhone 17 128GB,New,849,7895.7,832.28,7740.2,2.0,Unknown,In Stock,4.6,1097
2024-09-27,Flipkart,iPhone,iPhone 16 128GB,New,799,7430.7,784.87,7299.29,1.7999999999999998,Unknown,In Stock,4.9,54
2022-05-04,Flipkart,iPad,iPad Pro 11-inch (M1) 128GB,New,799,7430.7,807.83,7512.82,-1.1,Unknown,In Stock,4.8,1325
2024-01-05,Flipkart,iPad,iPad Pro 11-inch (M1) 128GB,New,799,7430.7,610.74,5679.88,23.6,Unknown,In Stock,4.7,3999
2021-04-25,Amazon,Mac,MacBook Air M1 256GB,New,999,9290.7,1007.88,9373.28,-0.8999999999999999,Unknown,In Stock,4.7,390
2025-02-14,Flipkart,iPhone,iPhone 13 128GB,New,799,7430.7,492.48,4580.06,38.4,Unknown,Low Stock,4.3,3179
2026-05-31,Amazon,iPad,iPad Pro 11-inch (M4) 256GB,New,999,9290.7,790.35,7350.26,20.9,Unknown,In Stock,4.7,3085
2024-06-07,Flipkart,Watch,Apple Watch Ultra 2,Renewed/Refurbished,799,7430.7,649.66,6041.84,18.7,Unknown,In Stock,4.0,711
2023-04-08,Amazon,iPhone,iPhone 13 Pro Max 256GB,New,1199,11150.7,1105.66,10282.64,7.8,Unknown,In Stock,4.8,1055
2024-08-17,Flipkart,iPhone,iPhone 15 128GB,New,799,7430.7,813.3,7563.69,-1.7999999999999998,Unknown,Out of Stock,4.6,1099
2024-12-05,Flipkart,iPad,iPad Air (5th Gen) 64GB,Renewed/Refurbished,599,5570.7,333.55,3102.02,44.3,Unknown,Out of Stock,4.3,3151
2025-05-26,Flipkart,Mac,MacBook Air M2 256GB,New,1199,11150.7,1017.99,9467.31,15.1,Unknown,Out of Stock,4.6,3886
2022-11-15,Amazon,iPad,iPad Air (5th Gen) 64GB,Renewed/Refurbished,599,5570.7,417.1,3879.03,30.4,Unknown,In Stock,4.3,816
2025-09-29,Amazon,iPhone,iPhone 17 128GB,New,849,7895.7,857.8,7977.54,-1.0,Unknown,In Stock,4.6,140
2021-12-28,Amazon,iPad,iPad Air (4th Gen) 64GB,New,599,5570.7,502.78,4675.85,16.1,Unknown,In Stock,4.6,1838
2026-01-18,Amazon,iPhone,iPhone 16 128GB,New,799,7430.7,701.03,6519.58,12.3,Unknown,Out of Stock,4.4,2219
2026-07-29,Flipkart,iPhone,iPhone 13 128GB,New,799,7430.7,485.05,4510.97,39.3,Unknown,In Stock,4.3,4872
2026-05-02,Amazon,iPad,iPad Air (5th Gen) 64GB,New,599,5570.7,354.7,3298.71,40.8,Unknown,In Stock,4.7,2213
2023-02-13,Amazon,iPad,iPad Pro 11-inch (M1) 128GB,New,799,7430.7,697.78,6489.35,12.7,Unknown,Low Stock,4.8,1035
2025-05-03,Flipkart,Mac,MacBook Pro 14-inch M1 Pro 512GB,New,1999,18590.7,1725.57,16047.8,13.7,Unknown,In Stock,4.7,6187
2026-07-14,Amazon,Watch,Apple Watch Series 6 (44mm),Renewed/Refurbished,429,3989.7,158.78,1476.65,63.0,Prime Day,Out of Stock,4.1,11053
2021-08-11,Flipkart,iPad,iPad Air (4th Gen) 64GB,New,599,5570.7,489.8,4555.14,18.2,Unknown,Out of Stock,4.5,1953
2025-01-15,Amazon,Watch,Apple Watch Series X (45mm),New,429,3989.7,432.31,4020.48,-0.8,Unknown,Out of Stock,4.8,364
2025-07-29,Amazon,Mac,MacBook Pro 14-inch M2 Pro 512GB,Renewed/Refurbished,1999,18590.7,1339.41,12456.51,33.0,Unknown,In Stock,4.4,3335
2023-03-17,Flipkart,iPad,iPad Air (5th Gen) 64GB,New,599,5570.7,603.25,5610.23,-0.7000000000000001,Unknown,Low Stock,4.4,1630
2025-11-02,Flipkart,Mac,MacBook Pro 14-inch M1 Pro 512GB,Renewed/Refurbished,1999,18590.7,1230.71,11445.6,38.4,Unknown,In Stock,4.1,4573
2025-01-23,Flipkart,iPad,iPad Pro 11-inch (M4) 256GB,New,999,9290.7,979.97,9113.72,1.9,Unknown,In Stock,4.8,856
2022-07-08,Flipkart,Watch,Apple Watch Series 6 (44mm),New,429,3989.7,326.86,3039.8,23.8,Unknown,In Stock,4.8,2045
2026-05-19,Amazon,iPhone,iPhone 16 Pro 256GB,Renewed/Refurbished,1099,10220.7,778.4,7239.12,29.2,Unknown,In Stock,4.4,3080
2025-01-02,Amazon,iPhone,iPhone 13 128GB,New,799,7430.7,508.51,4729.14,36.4,Unknown,Out of Stock,4.5,4004
2021-10-19,Amazon,iPhone,iPhone 13 Pro Max 256GB,Renewed/Refurbished,1199,11150.7,855.59,7956.99,28.6,Unknown,In Stock,4.0,191
2026-03-13,Amazon,iPhone,iPhone 14 Pro 128GB,New,999,9290.7,694.1,6455.13,30.5,Unknown,In Stock,4.3,6265
2023-09-17,Flipkart,Watch,Apple Watch Series 7 (45mm),New,429,3989.7,334.99,3115.41,21.9,Unknown,In Stock,4.4,3740
2023-11-29,Amazon,iPhone,iPhone 14 Pro 128GB,New,999,9290.7,810.3,7535.79,18.9,Black Friday,Low Stock,4.5,1949
2023-08-10,Flipkart,Watch,Apple Watch Ultra 2,New,799,7430.7,688.05,6398.86,13.900000000000002,Big Billion Days,Out of Stock,4.4,123
2023-07-09,Amazon,Mac,MacBook Pro 14-inch M1 Pro 512GB,Renewed/Refurbished,1999,18590.7,1528.79,14217.75,23.5,Unknown,In Stock,3.9,2040
2026-02-21,Amazon,iPhone,iPhone 12 64GB,New,799,7430.7,488.22,4540.45,38.9,Unknown,Low Stock,4.3,8359
2026-03-25,Flipkart,iPhone,iPhone 16 128GB,Renewed/Refurbished,799,7430.7,526.18,4893.47,34.1,Unknown,In Stock,4.0,2399
2026-04-06,Flipkart,iPhone,iPhone 16 128GB,Renewed/Refurbished,799,7430.7,595.08,5534.24,25.5,Unknown,In Stock,4.4,2221
2023-12-14,Amazon,Mac,MacBook Pro 14-inch M3 Pro 512GB,New,1999,18590.7,2006.68,18662.12,-0.4,Unknown,In Stock,4.8,294
2023-06-02,Flipkart,iPad,iPad (9th Gen) 64GB,New,329,3059.7,228.72,2127.1,30.5,Unknown,Out of Stock,4.5,2844
2024-11-01,Flipkart,Mac,MacBook Pro 14-inch M2 Pro 512GB,New,1999,18590.7,1990.29,18509.7,0.4,Unknown,Out of Stock,4.6,756
2023-10-19,Flipkart,Mac,MacBook Pro 14-inch M1 Pro 512GB,Renewed/Refurbished,1999,18590.7,1384.57,12876.5,30.7,Unknown,In Stock,3.8,3939
2025-02-04,Flipkart,Mac,MacBook Air M3 256GB,Renewed/Refurbished,1099,10220.7,827.3,7693.89,24.7,Unknown,In Stock,4.0,1013
2024-01-20,Amazon,iPhone,iPhone 12 Pro 128GB,New,999,9290.7,693.81,6452.43,30.5,Unknown,Low Stock,4.8,6145
2022-07-05,Amazon,iPhone,iPhone 13 128GB,Renewed/Refurbished,799,7430.7,591.51,5501.04,26.0,Unknown,In Stock,4.5,738
2024-05-09,Amazon,iPad,iPad Pro 12.9-inch (M2) 256GB,New,1199,11150.7,1119.8,10414.14,6.6000000000000005,Unknown,In Stock,4.5,1558
2025-12-15,Amazon,iPhone,iPhone 17 128GB,New,849,7895.7,849.68,7902.02,-0.1,Unknown,In Stock,4.4,287
2024-07-01,Flipkart,Watch,Apple Watch Series 8 (45mm),Renewed/Refurbished,429,3989.7,277.5,2580.75,35.3,Unknown,Low Stock,4.4,2570
2023-03-22,Amazon,iPad,iPad Pro 11-inch (M1) 128GB,New,799,7430.7,711.96,6621.23,10.9,Unknown,Low Stock,4.5,3671
2021-09-26,Amazon,iPhone,iPhone 12 Pro 128GB,New,999,9290.7,988.66,9194.54,1.0,Unknown,In Stock,4.6,1261
2025-08-22,Flipkart,Mac,MacBook Pro 14-inch M1 Pro 512GB,New,1999,18590.7,1726.8,16059.24,13.6,Unknown,Out of Stock,4.4,3148
2026-07-20,Amazon,iPad,iPad Pro 11-inch (M1) 128GB,New,799,7430.7,470.98,4380.11,41.1,Unknown,Low Stock,4.6,6160
2026-07-13,Flipkart,iPhone,iPhone 14 128GB,Renewed/Refurbished,799,7430.7,409.99,3812.91,48.7,Unknown,Low Stock,4.3,7201
2025-07-31,Flipkart,iPad,iPad Pro 11-inch (M4) 256GB,Renewed/Refurbished,999,9290.7,659.87,6136.79,33.900000000000006,Unknown,Out of Stock,4.5,1038
2025-03-23,Amazon,Watch,Apple Watch Series 7 (45mm),New,429,3989.7,257.99,2399.31,39.900000000000006,Unknown,Low Stock,4.4,1910
2022-09-19,Flipkart,Mac,MacBook Air M1 256GB,New,999,9290.7,914.2,8502.06,8.5,Unknown,In Stock,4.5,3226
2022-03-31,Amazon,iPhone,iPhone 13 128GB,New,799,7430.7,812.21,7553.55,-1.7000000000000002,Unknown,In Stock,4.4,702
2024-05-13,Flipkart,Watch,Apple Watch Series 9 (45mm),New,429,3989.7,432.26,4020.02,-0.8,Unknown,In Stock,4.9,370
2024-01-02,Flipkart,Mac,MacBook Pro 14-inch M3 Pro 512GB,New,1999,18590.7,2020.18,18787.67,-1.1,Unknown,In Stock,4.7,438
2021-10-14,Flipkart,iPhone,iPhone 12 64GB,Renewed/Refurbished,799,7430.7,390.57,3632.3,51.1,Big Billion Days,Out of Stock,4.5,838
2024-11-01,Amazon,Watch,Apple Watch Series 8 (45mm),New,429,3989.7,325.26,3024.92,24.2,Unknown,In Stock,4.3,1398
2023-03-23,Amazon,Mac,MacBook Pro 14-inch M2 Pro 512GB,New,1999,18590.7,1961.85,18245.21,1.9,Unknown,In Stock,4.5,286
2025-11-27,Amazon,Watch,Apple Watch Series X (45mm),New,429,3989.7,285.96,2659.43,33.300000000000004,Black Friday,In Stock,4.3,1855
2025-12-04,Flipkart,iPad,iPad Air (4th Gen) 64GB,New,599,5570.7,352.31,3276.48,41.2,Unknown,In Stock,4.7,3086
2026-05-11,Amazon,iPhone,iPhone 14 Pro 128GB,New,999,9290.7,698.94,6500.14,30.0,Unknown,Low Stock,4.8,5137
2024-03-20,Amazon,Watch,Apple Watch Series 9 (45mm),New,429,3989.7,421.39,3918.93,1.7999999999999998,Unknown,In Stock,4.9,300
2026-01-07,Amazon,iPhone,iPhone 12 Pro 128GB,Renewed/Refurbished,999,9290.7,417.07,3878.75,58.3,Unknown,Low Stock,4.1,5779
2022-08-31,Amazon,iPad,iPad Air (4th Gen) 64GB,New,599,5570.7,490.84,4564.81,18.1,Unknown,In Stock,4.5,1065
2025-07-12,Flipkart,iPhone,iPhone 15 Pro Max 256GB,Renewed/Refurbished,1199,11150.7,717.59,6673.59,40.2,Unknown,In Stock,4.1,4451
2026-06-25,Amazon,iPhone,iPhone 16 Pro 256GB,Renewed/Refurbished,1099,10220.7,784.69,7297.62,28.6,Unknown,In Stock,3.9,1337
2025-09-14,Flipkart,iPhone,iPhone 12 64GB,Renewed/Refurbished,799,7430.7,373.97,3477.92,53.2,Unknown,Low Stock,4.1,6785
2025-01-27,Flipkart,iPad,iPad Pro 11-inch (M4) 256GB,New,999,9290.7,1012.32,9414.58,-1.3,Unknown,In Stock,4.4,1317
2022-08-23,Flipkart,Mac,MacBook Air M2 256GB,New,1199,11150.7,1191.24,11078.53,0.6,Unknown,In Stock,4.7,252
2022-02-20,Flipkart,iPhone,iPhone 13 Pro Max 256GB,New,1199,11150.7,1209.39,11247.33,-0.8999999999999999,Unknown,In Stock,4.4,563
2026-03-26,Flipkart,Mac,MacBook Pro 14-inch M2 Pro 512GB,New,1999,18590.7,1687.99,15698.31,15.6,Unknown,Low Stock,4.8,3775
2026-01-16,Flipkart,Watch,Apple Watch Ultra,New,799,7430.7,497.44,4626.19,37.7,Unknown,Low Stock,4.3,3801
2025-07-13,Flipkart,Watch,Apple Watch Series 9 (45mm),New,429,3989.7,330.54,3074.02,23.0,Unknown,In Stock,4.6,970
2025-07-28,Amazon,iPhone,iPhone 15 Pro Max 256GB,New,1199,11150.7,1087.21,10111.05,9.3,Unknown,Out of Stock,4.4,1281
2025-07-25,Amazon,iPhone,iPhone 14 128GB,New,799,7430.7,604.7,5623.71,24.3,Unknown,Out of Stock,4.9,3133
2026-04-02,Flipkart,iPhone,iPhone 15 Pro Max 256GB,Renewed/Refurbished,1199,11150.7,806.23,7497.94,32.800000000000004,Unknown,In Stock,4.1,2764
2022-04-29,Amazon,Mac,MacBook Pro 14-inch M1 Pro 512GB,New,1999,18590.7,1964.29,18267.9,1.7000000000000002,Unknown,In Stock,4.6,506
2023-10-11,Flipkart,iPhone,iPhone 15 128GB,New,799,7430.7,796.33,7405.87,0.3,Unknown,In Stock,4.7,276
2024-05-08,Flipkart,Mac,MacBook Air M1 256GB,Renewed/Refurbished,999,9290.7,554.63,5158.06,44.5,Unknown,Out of Stock,4.1,4828
2024-01-24,Amazon,Mac,MacBook Pro 14-inch M2 Pro 512GB,Renewed/Refurbished,1999,18590.7,1445.7,13445.01,27.700000000000003,Unknown,In Stock,4.3,1706
2025-07-10,Flipkart,Mac,MacBook Pro 14-inch M3 Pro 512GB,New,1999,18590.7,1696.36,15776.15,15.1,Big Billion Days,Out of Stock,4.8,2976
2024-04-26,Flipkart,iPhone,iPhone 15 128GB,New,799,7430.7,784.04,7291.57,1.9,Unknown,In Stock,4.2,1170
2023-03-31,Amazon,iPhone,iPhone 13 Pro Max 256GB,New,1199,11150.7,1095.76,10190.57,8.6,Unknown,In Stock,4.2,2919
2024-06-01,Flipkart,Watch,Apple Watch Series 9 (45mm),Renewed/Refurbished,429,3989.7,307.64,2861.05,28.3,Unknown,Out of Stock,4.2,409
2025-10-28,Amazon,iPhone,iPhone 17 128GB,New,849,7895.7,842.73,7837.39,0.7000000000000001,Unknown,In Stock,4.8,233
2026-06-18,Flipkart,Watch,Apple Watch Series X (45mm),Renewed/Refurbished,429,3989.7,262.17,2438.18,38.9,Unknown,In Stock,4.4,2329
2024-07-23,Amazon,iPad,iPad Air (5th Gen) 64GB,New,599,5570.7,403.31,3750.78,32.7,Unknown,In Stock,4.7,1989
2025-03-29,Flipkart,iPad,iPad Pro 11-inch (M1) 128GB,New,799,7430.7,494.45,4598.39,38.1,Unknown,In Stock,4.3,5467
2022-09-27,Flipkart,Mac,MacBook Pro 14-inch M1 Pro 512GB,New,1999,18590.7,1990.26,18509.42,0.4,Unknown,In Stock,4.7,1504
2025-07-10,Flipkart,Watch,Apple Watch Series 9 (45mm),New,429,3989.7,198.44,1845.49,53.7,Big Billion Days,In Stock,4.3,2826
2025-02-23,Flipkart,Watch,Apple Watch Series 9 (45mm),New,429,3989.7,333.61,3102.57,22.2,Unknown,In Stock,4.7,767
2025-12-16,Flipkart,Mac,MacBook Pro 14-inch M4 Pro 512GB,Renewed/Refurbished,1999,18590.7,1602.73,14905.39,19.8,Unknown,In Stock,4.3,1878
2022-09-19,Flipkart,Mac,MacBook Pro 14-inch M1 Pro 512GB,New,1999,18590.7,2026.82,18849.43,-1.4,Unknown,In Stock,4.5,1001
2025-03-27,Flipkart,iPhone,iPhone 12 Pro 128GB,New,999,9290.7,590.93,5495.65,40.8,Unknown,Out of Stock,4.7,4525
2024-02-23,Amazon,iPhone,iPhone 14 128GB,Renewed/Refurbished,799,7430.7,533.79,4964.25,33.2,Unknown,In Stock,4.3,1435
2022-08-28,Flipkart,iPad,iPad Air (4th Gen) 64GB,New,599,5570.7,503.3,4680.69,16.0,Unknown,In Stock,4.4,3426
2025-06-22,Flipkart,iPhone,iPhone 15 128GB,New,799,7430.7,692.26,6438.02,13.4,Unknown,In Stock,4.3,1879
2024-11-25,Flipkart,iPhone,iPhone 15 128GB,New,799,7430.7,613.68,5707.22,23.200000000000003,Black Friday,Low Stock,4.7,750
2023-08-16,Flipkart,Mac,MacBook Air M2 256GB,New,1199,11150.7,1114.75,10367.18,7.000000000000001,Unknown,In Stock,4.3,1877
2025-06-15,Amazon,Mac,MacBook Pro 14-inch M4 Pro 512GB,New,1999,18590.7,1973.91,18357.36,1.3,Unknown,In Stock,4.2,480
2024-01-29,Flipkart,Watch,Apple Watch Series 8 (45mm),New,429,3989.7,323.32,3006.88,24.6,Unknown,In Stock,4.6,1596
2024-12-30,Flipkart,iPad,iPad Pro 12.9-inch (M2) 256GB,New,1199,11150.7,983.73,9148.69,18.0,Unknown,In Stock,4.2,1845
2025-11-23,Flipkart,iPhone,iPhone 16 128GB,Renewed/Refurbished,799,7430.7,447.76,4164.17,44.0,Black Friday,Low Stock,4.5,1270
2026-01-31,Amazon,iPad,iPad Pro 11-inch (M4) 256GB,New,999,9290.7,911.1,8473.23,8.799999999999999,Unknown,In Stock,4.7,3003
2025-01-24,Flipkart,iPhone,iPhone 15 128GB,New,799,7430.7,692.08,6436.34,13.4,Unknown,Low Stock,4.4,1512
2025-01-14,Flipkart,iPhone,iPhone 16 Pro 256GB,New,1099,10220.7,1113.21,10352.85,-1.3,Unknown,In Stock,4.6,373
2024-03-30,Amazon,iPhone,iPhone 14 128GB,New,799,7430.7,687.87,6397.19,13.900000000000002,Unknown,In Stock,4.6,1654
2026-06-14,Flipkart,iPhone,iPhone 17 128GB,New,849,7895.7,855.72,7958.2,-0.8,Unknown,In Stock,4.3,1458
2023-06-07,Amazon,Mac,MacBook Pro 14-inch M2 Pro 512GB,New,1999,18590.7,2033.08,18907.64,-1.7000000000000002,Unknown,In Stock,4.6,741
2024-09-27,Flipkart,iPad,iPad Air (4th Gen) 64GB,Renewed/Refurbished,599,5570.7,290.9,2705.37,51.4,Unknown,Low Stock,4.2,2572
2024-09-25,Flipkart,Mac,MacBook Pro 14-inch M1 Pro 512GB,New,1999,18590.7,1791.28,16658.9,10.4,Unknown,In Stock,4.8,2561
2025-10-08,Amazon,iPhone,iPhone 16 Pro 256GB,New,1099,10220.7,1091.98,10155.41,0.6,Unknown,In Stock,4.5,1152
2024-01-13,Flipkart,Watch,Apple Watch Ultra 2,New,799,7430.7,808.2,7516.26,-1.2,Unknown,In Stock,4.5,240
2024-04-09,Flipkart,Watch,Apple Watch Ultra 2,New,799,7430.7,802.47,7462.97,-0.4,Unknown,In Stock,4.4,1279
2024-07-05,Amazon,Mac,MacBook Pro 14-inch M1 Pro 512GB,New,1999,18590.7,1798.49,16725.96,10.0,Unknown,In Stock,4.6,4304
2024-10-31,Amazon,Watch,Apple Watch Series 9 (45mm),New,429,3989.7,334.25,3108.53,22.1,Unknown,Out of Stock,4.5,2207
2025-09-24,Flipkart,iPhone,iPhone 16 128GB,New,799,7430.7,690.57,6422.3,13.6,Unknown,In Stock,4.5,772
2025-01-11,Amazon,iPhone,iPhone 13 Pro Max 256GB,New,1199,11150.7,814.77,7577.36,32.0,Unknown,Out of Stock,4.4,5289
2026-08-04,Amazon,Mac,MacBook Pro 14-inch M4 Pro 512GB,New,1999,18590.7,1915.07,17810.15,4.2,Unknown,Out of Stock,4.6,855
2026-06-05,Amazon,Watch,Apple Watch Ultra,New,799,7430.7,499.68,4647.02,37.5,Unknown,Out of Stock,4.8,6106
2023-08-16,Flipkart,Mac,MacBook Pro 14-inch M1 Pro 512GB,New,1999,18590.7,1910.62,17768.77,4.4,Unknown,In Stock,4.7,2152
2024-12-03,Amazon,Mac,MacBook Air M1 256GB,New,999,9290.7,704.27,6549.71,29.5,Unknown,Low Stock,4.2,3868
2024-10-31,Amazon,Watch,Apple Watch Ultra,Renewed/Refurbished,799,7430.7,469.06,4362.26,41.3,Unknown,In Stock,4.4,1146
2021-12-20,Amazon,Mac,MacBook Air M1 256GB,New,999,9290.7,890.13,8278.21,10.9,Unknown,In Stock,4.4,952
2024-07-04,Amazon,Watch,Apple Watch Ultra 2,New,799,7430.7,793.84,7382.71,0.6,Unknown,Low Stock,4.5,363
2026-05-04,Amazon,iPhone,iPhone 15 Pro Max 256GB,New,1199,11150.7,1002.97,9327.62,16.3,Unknown,In Stock,4.4,1605
2025-07-31,Amazon,Mac,MacBook Pro 14-inch M3 Pro 512GB,Renewed/Refurbished,1999,18590.7,1472.05,13690.07,26.4,Unknown,Out of Stock,3.9,2299
2025-02-22,Flipkart,Mac,MacBook Air M1 256GB,Renewed/Refurbished,999,9290.7,457.49,4254.66,54.2,Unknown,Out of Stock,4.2,5463
2026-01-06,Flipkart,iPhone,iPhone 17 128GB,New,849,7895.7,837.39,7787.73,1.4,Unknown,Low Stock,4.5,831
2023-04-30,Flipkart,Mac,MacBook Pro 14-inch M1 Pro 512GB,New,1999,18590.7,1876.44,17450.89,6.1,Unknown,In Stock,4.7,2632
2026-04-12,Flipkart,Watch,Apple Watch Series X (45mm),New,429,3989.7,327.67,3047.33,23.6,Unknown,In Stock,4.8,1028
2024-10-03,Flipkart,iPad,iPad Pro 12.9-inch (M2) 256GB,Renewed/Refurbished,1199,11150.7,933.05,8677.36,22.2,Unknown,In Stock,4.5,2826
2026-06-20,Amazon,Mac,MacBook Pro 14-inch M1 Pro 512GB,New,1999,18590.7,1582.77,14719.76,20.8,Unknown,Low Stock,4.2,2526
2023-09-24,Amazon,Mac,MacBook Pro 14-inch M2 Pro 512GB,Renewed/Refurbished,1999,18590.7,1393.44,12958.99,30.3,Unknown,Low Stock,4.1,498
2024-10-19,Amazon,iPhone,iPhone 16 128GB,New,799,7430.7,789.57,7343.0,1.2,Unknown,In Stock,4.4,107
2025-09-03,Amazon,iPhone,iPhone 15 128GB,New,799,7430.7,695.11,6464.52,13.0,Unknown,In Stock,4.7,1005
2025-02-23,Flipkart,iPhone,iPhone 14 Pro 128GB,New,999,9290.7,801.23,7451.44,19.8,Unknown,In Stock,4.4,4323
2023-08-30,Flipkart,Watch,Apple Watch Ultra,Renewed/Refurbished,799,7430.7,566.02,5263.99,29.2,Unknown,In Stock,3.9,1703
2022-01-11,Flipkart,Watch,Apple Watch Series 6 (44mm),New,429,3989.7,332.34,3090.76,22.5,Unknown,Out of Stock,4.8,1782
2021-01-09,Amazon,Watch,Apple Watch Series 6 (44mm),New,429,3989.7,424.71,3949.8,1.0,Unknown,In Stock,4.8,199
2024-07-04,Flipkart,iPad,iPad Pro 12.9-inch (M2) 256GB,New,1199,11150.7,1094.88,10182.38,8.7,Unknown,Out of Stock,4.4,886
2025-10-27,Amazon,iPhone,iPhone 16 128GB,Renewed/Refurbished,799,7430.7,492.57,4580.9,38.4,Unknown,Out of Stock,4.5,1607
2024-10-10,Amazon,Watch,Apple Watch Ultra 2,Renewed/Refurbished,799,7430.7,518.92,4825.96,35.099999999999994,Great Indian Festival,In Stock,4.3,1183
2025-11-10,Amazon,iPad,iPad Air (5th Gen) 64GB,Renewed/Refurbished,599,5570.7,218.85,2035.31,63.5,Great Indian Festival,In Stock,4.0,4808
2023-04-02,Amazon,iPhone,iPhone 13 Pro Max 256GB,New,1199,11150.7,1085.04,10090.87,9.5,Unknown,In Stock,4.8,1874
2023-11-16,Amazon,iPhone,iPhone 15 128GB,New,799,7430.7,786.67,7316.03,1.5,Unknown,Out of Stock,4.3,218
2024-05-16,Amazon,Mac,MacBook Pro 14-inch M2 Pro 512GB,New,1999,18590.7,1903.11,17698.92,4.8,Unknown,In Stock,4.7,2426
2022-07-05,Amazon,iPad,iPad (9th Gen) 64GB,New,329,3059.7,328.58,3055.79,0.1,Unknown,In Stock,4.3,1271
2025-10-04,Amazon,Mac,MacBook Pro 14-inch M4 Pro 512GB,Renewed/Refurbished,1999,18590.7,1399.25,13013.03,30.0,Unknown,In Stock,4.0,753
2021-08-17,Flipkart,iPad,iPad Pro 11-inch (M1) 128GB,Renewed/Refurbished,799,7430.7,588.67,5474.63,26.3,Unknown,In Stock,4.0,385
2025-01-11,Flipkart,iPhone,iPhone 16 Pro 256GB,Renewed/Refurbished,1099,10220.7,766.87,7131.89,30.2,Unknown,In Stock,4.2,887
2022-07-21,Flipkart,iPhone,iPhone 13 Pro Max 256GB,New,1199,11150.7,1208.35,11237.66,-0.8,Unknown,Out of Stock,4.2,1425
2026-02-15,Flipkart,iPhone,iPhone 13 128GB,New,799,7430.7,471.58,4385.69,41.0,Unknown,Low Stock,4.8,3946
2026-03-13,Flipkart,Mac,MacBook Pro 14-inch M4 Pro 512GB,New,1999,18590.7,1874.34,17431.36,6.2,Unknown,In Stock,4.7,2184
2022-02-11,Amazon,iPad,iPad Air (5th Gen) 64GB,Renewed/Refurbished,599,5570.7,467.92,4351.66,21.9,Unknown,In Stock,4.3,1260
2022-08-18,Amazon,iPad,iPad Air (5th Gen) 64GB,New,599,5570.7,600.09,5580.84,-0.2,Unknown,In Stock,4.8,772
2022-10-23,Flipkart,iPhone,iPhone 13 Pro Max 256GB,New,1199,11150.7,1078.89,10033.68,10.0,Unknown,In Stock,4.9,1169
2021-12-14,Flipkart,Watch,Apple Watch Series 7 (45mm),New,429,3989.7,423.71,3940.5,1.2,Unknown,In Stock,4.7,156
2024-11-29,Flipkart,Mac,MacBook Pro 14-inch M3 Pro 512GB,Renewed/Refurbished,1999,18590.7,1290.98,12006.11,35.4,Black Friday,In Stock,4.1,1882
2025-06-07,Flipkart,iPhone,iPhone 16 Pro 256GB,New,1099,10220.7,1079.99,10043.91,1.7000000000000002,Unknown,In Stock,4.8,994
2022-06-27,Amazon,iPad,iPad Air (5th Gen) 64GB,New,599,5570.7,603.96,5616.83,-0.8,Unknown,In Stock,4.4,241
2026-07-25,Amazon,Mac,MacBook Air M3 256GB,New,1099,10220.7,894.82,8321.83,18.6,Unknown,In Stock,4.8,3473
2024-12-10,Flipkart,Mac,MacBook Pro 14-inch M3 Pro 512GB,New,1999,18590.7,1512.14,14062.9,24.4,Big Billion Days,Low Stock,4.7,1813
2025-08-12,Flipkart,iPad,iPad Pro 11-inch (M4) 256GB,New,999,9290.7,895.63,8329.36,10.3,Unknown,In Stock,4.6,1026
2026-06-23,Flipkart,iPhone,iPhone 17 128GB,Renewed/Refurbished,849,7895.7,584.64,5437.15,31.1,Unknown,In Stock,4.5,1480
2024-12-09,Amazon,Watch,Apple Watch Series 6 (44mm),Renewed/Refurbished,429,3989.7,195.56,1818.71,54.400000000000006,Unknown,Out of Stock,4.2,2834
2024-09-15,Flipkart,iPad,iPad Pro 11-inch (M4) 256GB,New,999,9290.7,1008.49,9378.96,-0.8999999999999999,Unknown,In Stock,4.5,263
2022-06-25,Amazon,Watch,Apple Watch Series 6 (44mm),New,429,3989.7,325.78,3029.75,24.1,Unknown,In Stock,4.5,1013
2025-03-27,Amazon,Watch,Apple Watch Series 9 (45mm),New,429,3989.7,333.47,3101.27,22.3,Unknown,In Stock,4.6,2894
2024-01-10,Flipkart,Mac,MacBook Air M2 256GB,Renewed/Refurbished,1199,11150.7,735.0,6835.5,38.7,Big Billion Days,Out of Stock,4.3,3950
2024-01-11,Flipkart,iPhone,iPhone 14 Pro 128GB,New,999,9290.7,798.81,7428.93,20.0,Unknown,In Stock,4.3,1788
2024-06-11,Flipkart,iPad,iPad (9th Gen) 64GB,New,329,3059.7,199.29,1853.4,39.4,Unknown,Out of Stock,4.3,4122
2025-04-11,Amazon,Watch,Apple Watch Ultra,New,799,7430.7,493.66,4591.04,38.2,Unknown,Out of Stock,4.6,3771
2025-03-15,Amazon,Watch,Apple Watch Ultra,New,799,7430.7,608.23,5656.54,23.9,Unknown,In Stock,4.8,2509
2026-12-02,Flipkart,Watch,Apple Watch Series X (45mm),New,429,3989.7,328.0,3050.4,23.5,Unknown,In Stock,4.2,1711
2023-11-29,Flipkart,Mac,MacBook Air M1 256GB,New,999,9290.7,610.63,5678.86,38.9,Black Friday,Out of Stock,4.8,2876
2024-11-14,Flipkart,iPad,iPad Pro 12.9-inch (M2) 256GB,New,1199,11150.7,1007.33,9368.17,16.0,Unknown,In Stock,4.6,2856
2024-04-30,Flipkart,iPad,iPad (9th Gen) 64GB,Renewed/Refurbished,329,3059.7,159.05,1479.17,51.7,Unknown,In Stock,3.9,1437
2022-07-17,Amazon,Watch,Apple Watch Series 6 (44mm),New,429,3989.7,272.69,2536.02,36.4,Prime Day,Low Stock,4.6,1550
2021-05-31,Amazon,iPhone,iPhone 12 Pro 128GB,New,999,9290.7,993.1,9235.83,0.6,Unknown,In Stock,4.8,641
2026-01-18,Flipkart,iPhone,iPhone 16 128GB,New,799,7430.7,687.05,6389.57,14.000000000000002,Unknown,In Stock,4.8,1534
2024-09-11,Flipkart,iPhone,iPhone 14 Pro 128GB,New,999,9290.7,810.46,7537.28,18.9,Unknown,In Stock,4.8,2380
2025-03-31,Flipkart,Watch,Apple Watch Ultra 2,New,799,7430.7,699.73,6507.49,12.4,Unknown,In Stock,4.3,2581
2022-04-25,Amazon,iPhone,iPhone 12 64GB,Renewed/Refurbished,799,7430.7,486.17,4521.38,39.2,Unknown,In Stock,4.1,1949
2025-11-29,Flipkart,iPhone,iPhone 16 Pro 256GB,Renewed/Refurbished,1099,10220.7,626.44,5825.89,43.0,Black Friday,Low Stock,4.1,2069
2024-11-20,Amazon,iPad,iPad Pro 11-inch (M4) 256GB,New,999,9290.7,852.39,7927.23,14.7,Black Friday,Out of Stock,4.4,575
2021-09-24,Flipkart,Mac,MacBook Air M1 256GB,New,999,9290.7,994.31,9247.08,0.5,Unknown,In Stock,4.8,1315
2025-10-30,Flipkart,iPhone,iPhone 12 64GB,New,799,7430.7,469.87,4369.79,41.2,Unknown,In Stock,4.8,3583
2026-05-31,Amazon,iPhone,iPhone 15 128GB,New,799,7430.7,595.59,5538.99,25.5,Unknown,In Stock,4.3,3430
2026-06-24,Flipkart,iPhone,iPhone 16 Pro 256GB,New,1099,10220.7,1013.9,9429.27,7.7,Unknown,In Stock,4.4,1119
2025-04-19,Flipkart,iPhone,iPhone 16 128GB,Renewed/Refurbished,799,7430.7,557.83,5187.82,30.2,Unknown,In Stock,4.4,776
2024-11-12,Flipkart,Mac,MacBook Air M2 256GB,New,1199,11150.7,995.04,9253.87,17.0,Unknown,In Stock,4.4,1566
2022-04-12,Flipkart,Watch,Apple Watch Series 7 (45mm),Renewed/Refurbished,429,3989.7,272.64,2535.55,36.4,Unknown,In Stock,4.2,906
2025-06-19,Amazon,iPad,iPad Pro 11-inch (M4) 256GB,New,999,9290.7,894.46,8318.48,10.5,Unknown,Low Stock,4.9,1681
2024-01-15,Flipkart,iPad,iPad Air (4th Gen) 64GB,New,599,5570.7,354.54,3297.22,40.8,Unknown,In Stock,4.3,5112
2023-10-23,Flipkart,Watch,Apple Watch Ultra 2,New,799,7430.7,812.58,7556.99,-1.7000000000000002,Unknown,Out of Stock,4.6,166
2024-01-18,Flipkart,Mac,MacBook Pro 14-inch M3 Pro 512GB,New,1999,18590.7,1997.11,18573.12,0.1,Unknown,Low Stock,4.3,492
2026-05-17,Flipkart,iPhone,iPhone 17 128GB,New,849,7895.7,834.0,7756.2,1.7999999999999998,Unknown,In Stock,4.9,1080
2025-10-15,Flipkart,iPhone,iPhone 15 Pro Max 256GB,New,1199,11150.7,634.36,5899.55,47.1,Big Billion Days,In Stock,4.5,1871
2026-05-23,Flipkart,Watch,Apple Watch Series X (45mm),New,429,3989.7,331.91,3086.76,22.6,Unknown,Out of Stock,4.7,3192
2023-11-22,Amazon,iPhone,iPhone 15 Pro Max 256GB,New,1199,11150.7,1031.53,9593.23,14.000000000000002,Black Friday,Out of Stock,4.4,285
2024-07-16,Amazon,Watch,Apple Watch Series 9 (45mm),New,429,3989.7,388.48,3612.86,9.4,Prime Day,In Stock,4.8,1419
2022-01-04,Flipkart,Mac,MacBook Pro 14-inch M1 Pro 512GB,New,1999,18590.7,2011.13,18703.51,-0.6,Unknown,Out of Stock,4.3,833
2026-05-07,Amazon,iPhone,iPhone 14 Pro 128GB,New,999,9290.7,712.71,6628.2,28.7,Unknown,In Stock,4.6,7092
2025-11-21,Amazon,iPad,iPad Pro 11-inch (M4) 256GB,New,999,9290.7,814.83,7577.92,18.4,Black Friday,In Stock,4.7,1672
2024-12-02,Flipkart,iPhone,iPhone 12 64GB,New,799,7430.7,486.18,4521.47,39.2,Unknown,Out of Stock,4.8,3420
2024-03-18,Amazon,Mac,MacBook Air M3 256GB,New,1099,10220.7,1105.3,10279.29,-0.6,Unknown,In Stock,4.4,83
2026-02-01,Flipkart,Watch,Apple Watch Ultra,New,799,7430.7,508.84,4732.21,36.3,Unknown,Low Stock,4.6,2980
2025-09-26,Flipkart,iPad,iPad Pro 12.9-inch (M2) 256GB,New,1199,11150.7,989.26,9200.12,17.5,Unknown,In Stock,4.4,4445
2025-11-17,Flipkart,iPhone,iPhone 14 128GB,Renewed/Refurbished,799,7430.7,384.08,3571.94,51.9,Unknown,In Stock,4.0,2951
2025-07-09,Flipkart,Watch,Apple Watch Ultra 2,New,799,7430.7,699.33,6503.77,12.5,Unknown,Low Stock,4.9,1176
2021-12-16,Amazon,iPad,iPad (9th Gen) 64GB,New,329,3059.7,322.87,3002.69,1.9,Unknown,In Stock,4.8,437
2023-11-08,Flipkart,iPhone,iPhone 14 128GB,New,799,7430.7,814.83,7577.92,-2.0,Unknown,In Stock,4.9,874
2026-12-05,Flipkart,Mac,MacBook Air M3 256GB,New,1099,10220.7,906.37,8429.24,17.5,Unknown,In Stock,4.8,2813
2025-03-22,Amazon,iPhone,iPhone 14 Pro 128GB,New,999,9290.7,791.15,7357.7,20.8,Unknown,Low Stock,4.3,4299
2025-05-18,Flipkart,iPad,iPad Pro 11-inch (M4) 256GB,New,999,9290.7,896.43,8336.8,10.3,Unknown,In Stock,4.6,958
2024-12-23,Flipkart,iPhone,iPhone 16 128GB,New,799,7430.7,801.82,7456.93,-0.4,Unknown,In Stock,4.4,207
2024-09-15,Amazon,iPhone,iPhone 15 Pro Max 256GB,New,1199,11150.7,1198.39,11145.03,0.1,Unknown,In Stock,4.2,1589
2025-12-17,Amazon,iPad,iPad (9th Gen) 64GB,Renewed/Refurbished,329,3059.7,152.34,1416.76,53.7,Unknown,Out of Stock,4.1,7552
2024-03-28,Amazon,Mac,MacBook Pro 14-inch M3 Pro 512GB,New,1999,18590.7,2031.43,18892.3,-1.6,Unknown,Low Stock,4.2,577
2025-07-09,Amazon,Watch,Apple Watch Ultra 2,Renewed/Refurbished,799,7430.7,500.06,4650.56,37.4,Unknown,In Stock,3.8,2482
2024-12-15,Amazon,iPad,iPad Pro 11-inch (M1) 128GB,Renewed/Refurbished,799,7430.7,347.41,3230.91,56.49999999999999,Unknown,Out of Stock,4.1,6552
2026-01-31,Amazon,iPhone,iPhone 16 Pro 256GB,New,1099,10220.7,1014.43,9434.2,7.7,Unknown,In Stock,4.8,1585
2024-07-11,Flipkart,iPad,iPad Air (5th Gen) 64GB,New,599,5570.7,404.26,3759.62,32.5,Unknown,In Stock,4.5,2905
2023-02-23,Amazon,iPhone,iPhone 13 128GB,New,799,7430.7,685.33,6373.57,14.2,Unknown,In Stock,4.4,1480
2025-08-11,Flipkart,Mac,MacBook Air M3 256GB,New,1099,10220.7,990.81,9214.53,9.8,Unknown,In Stock,4.3,1282
2022-12-31,Amazon,Mac,MacBook Air M2 256GB,Renewed/Refurbished,1199,11150.7,869.35,8084.96,27.500000000000004,Unknown,In Stock,4.1,846
2022-04-13,Flipkart,iPad,iPad Air (4th Gen) 64GB,New,599,5570.7,490.13,4558.21,18.2,Unknown,In Stock,4.3,1409
2024-02-14,Flipkart,iPad,iPad (9th Gen) 64GB,New,329,3059.7,194.97,1813.22,40.7,Unknown,In Stock,4.4,1335
2025-05-16,Amazon,iPhone,iPhone 15 128GB,New,799,7430.7,690.56,6422.21,13.6,Unknown,Out of Stock,4.3,3063
2024-11-03,Flipkart,iPhone,iPhone 14 128GB,Renewed/Refurbished,799,7430.7,462.06,4297.16,42.2,Unknown,In Stock,4.3,3048
2024-05-17,Flipkart,Mac,MacBook Pro 14-inch M3 Pro 512GB,New,1999,18590.7,1982.38,18436.13,0.8,Unknown,In Stock,4.7,445
2023-08-01,Amazon,iPhone,iPhone 12 Pro 128GB,New,999,9290.7,789.49,7342.26,21.0,Unknown,In Stock,4.5,1941
2024-04-10,Flipkart,iPad,iPad Air (4th Gen) 64GB,New,599,5570.7,312.85,2909.51,47.8,Big Billion Days,Out of Stock,4.6,4225
2024-03-21,Amazon,Watch,Apple Watch Series 9 (45mm),New,429,3989.7,427.01,3971.19,0.5,Unknown,In Stock,4.4,418
2024-04-16,Amazon,iPhone,iPhone 13 Pro Max 256GB,New,1199,11150.7,1000.45,9304.19,16.6,Unknown,In Stock,4.6,5070
2025-09-04,Flipkart,iPad,iPad Air (4th Gen) 64GB,New,599,5570.7,356.86,3318.8,40.400000000000006,Unknown,Out of Stock,4.6,6461
2025-01-24,Amazon,Mac,MacBook Air M3 256GB,Renewed/Refurbished,1099,10220.7,767.33,7136.17,30.2,Unknown,In Stock,4.2,1671
2024-02-25,Amazon,iPad,iPad (9th Gen) 64GB,Renewed/Refurbished,329,3059.7,170.95,1589.84,48.0,Unknown,Low Stock,4.1,2164
2024-04-03,Flipkart,iPhone,iPhone 15 Pro Max 256GB,New,1199,11150.7,1208.59,11239.89,-0.8,Unknown,In Stock,4.5,453
2023-07-19,Amazon,Watch,Apple Watch Series 8 (45mm),New,429,3989.7,426.15,3963.2,0.7000000000000001,Unknown,In Stock,4.3,698
2025-06-16,Flipkart,Mac,MacBook Air M1 256GB,New,999,9290.7,601.68,5595.62,39.8,Unknown,Low Stock,4.6,7732
2022-10-13,Amazon,iPad,iPad Air (4th Gen) 64GB,Renewed/Refurbished,599,5570.7,312.74,2908.48,47.8,Great Indian Festival,In Stock,4.4,3445
2023-07-07,Amazon,Watch,Apple Watch Ultra,Renewed/Refurbished,799,7430.7,633.52,5891.74,20.7,Unknown,Out of Stock,4.2,1174
2025-05-19,Flipkart,Mac,MacBook Pro 14-inch M2 Pro 512GB,Renewed/Refurbished,1999,18590.7,1479.77,13761.86,26.0,Unknown,In Stock,4.4,4594
2022-04-01,Amazon,Mac,MacBook Pro 14-inch M1 Pro 512GB,New,1999,18590.7,1966.78,18291.05,1.6,Unknown,In Stock,4.7,371
2023-02-10,Amazon,iPhone,iPhone 14 Pro 128GB,New,999,9290.7,711.69,6618.72,28.8,Great Indian Festival,In Stock,4.7,1110
2025-10-28,Amazon,Mac,MacBook Pro 14-inch M3 Pro 512GB,New,1999,18590.7,1921.48,17869.76,3.9,Unknown,Out of Stock,4.9,3201
2025-02-23,Flipkart,iPad,iPad Pro 11-inch (M4) 256GB,Renewed/Refurbished,999,9290.7,819.78,7623.95,17.9,Unknown,In Stock,4.2,733
2025-05-25,Amazon,iPhone,iPhone 14 Pro 128GB,New,999,9290.7,808.47,7518.77,19.1,Unknown,In Stock,4.7,3915
2024-03-18,Amazon,iPad,iPad (9th Gen) 64GB,New,329,3059.7,193.74,1801.78,41.1,Unknown,In Stock,4.8,2360
2026-04-28,Flipkart,Mac,MacBook Pro 14-inch M4 Pro 512GB,Renewed/Refurbished,1999,18590.7,1404.05,13057.67,29.8,Unknown,In Stock,4.1,1874
2025-07-24,Amazon,iPhone,iPhone 15 Pro Max 256GB,Renewed/Refurbished,1199,11150.7,818.18,7609.07,31.8,Unknown,In Stock,4.0,3741
2025-03-02,Flipkart,iPhone,iPhone 16 Pro 256GB,Renewed/Refurbished,1099,10220.7,855.38,7955.03,22.2,Unknown,In Stock,4.4,272
2026-03-19,Amazon,Watch,Apple Watch Series 8 (45mm),New,429,3989.7,253.61,2358.57,40.9,Unknown,Low Stock,4.7,6636
2026-05-03,Amazon,iPhone,iPhone 15 Pro Max 256GB,New,1199,11150.7,1013.38,9424.43,15.5,Unknown,In Stock,4.6,3423
2025-11-24,Flipkart,iPhone,iPhone 14 128GB,New,799,7430.7,431.93,4016.95,45.9,Black Friday,Low Stock,4.2,4050
2026-02-24,Flipkart,Mac,MacBook Pro 14-inch M1 Pro 512GB,New,1999,18590.7,1577.0,14666.1,21.1,Unknown,Low Stock,4.6,3175
2024-10-28,Flipkart,Mac,MacBook Pro 14-inch M1 Pro 512GB,Renewed/Refurbished,1999,18590.7,1204.37,11200.64,39.8,Unknown,In Stock,4.5,4699
2024-02-04,Amazon,Watch,Apple Watch Series 9 (45mm),Renewed/Refurbished,429,3989.7,320.15,2977.39,25.4,Unknown,In Stock,4.0,447
2023-05-11,Flipkart,Watch,Apple Watch Series 9 (45mm),New,429,3989.7,420.9,3914.37,1.9,Unknown,In Stock,4.5,281
2024-10-06,Amazon,Mac,MacBook Air M2 256GB,New,1199,11150.7,850.16,7906.49,29.1,Great Indian Festival,In Stock,4.3,2363
2026-07-19,Amazon,iPhone,iPhone 14 128GB,New,799,7430.7,496.58,4618.19,37.9,Unknown,Low Stock,4.7,6366
2024-03-18,Flipkart,iPhone,iPhone 15 128GB,New,799,7430.7,785.5,7305.15,1.7000000000000002,Unknown,In Stock,4.7,326
2025-09-26,Flipkart,iPhone,iPhone 16 128GB,New,799,7430.7,689.92,6416.26,13.7,Unknown,Out of Stock,4.3,1946
2024-05-05,Amazon,iPhone,iPhone 14 Pro 128GB,Renewed/Refurbished,999,9290.7,659.49,6133.26,34.0,Unknown,In Stock,4.2,2960
2022-04-23,Flipkart,iPhone,iPhone 12 Pro 128GB,New,999,9290.7,897.87,8350.19,10.1,Unknown,In Stock,4.8,1473
2025-11-03,Flipkart,iPad,iPad Pro 11-inch (M1) 128GB,New,799,7430.7,493.98,4594.01,38.2,Unknown,Out of Stock,4.6,7442
2025-06-29,Amazon,Mac,MacBook Pro 14-inch M2 Pro 512GB,Renewed/Refurbished,1999,18590.7,1427.97,13280.12,28.6,Unknown,In Stock,4.3,1314
2024-10-31,Amazon,Watch,Apple Watch Series X (45mm),New,429,3989.7,426.66,3967.94,0.5,Unknown,In Stock,4.2,249
2024-10-10,Amazon,iPad,iPad Pro 11-inch (M4) 256GB,Renewed/Refurbished,999,9290.7,582.91,5421.06,41.7,Great Indian Festival,In Stock,4.1,828
2023-11-29,Amazon,iPad,iPad Air (5th Gen) 64GB,New,599,5570.7,445.76,4145.57,25.6,Black Friday,In Stock,4.4,1111
2023-03-10,Flipkart,iPad,iPad Pro 11-inch (M1) 128GB,New,799,7430.7,489.43,4551.7,38.7,Big Billion Days,Out of Stock,4.7,3422
2022-10-25,Amazon,iPhone,iPhone 14 Pro 128GB,Renewed/Refurbished,999,9290.7,720.4,6699.72,27.9,Unknown,In Stock,4.4,230
2021-10-20,Amazon,iPad,iPad Pro 11-inch (M1) 128GB,New,799,7430.7,806.67,7502.03,-1.0,Unknown,Out of Stock,4.3,632
2023-03-21,Flipkart,iPad,iPad Pro 11-inch (M1) 128GB,New,799,7430.7,710.71,6609.6,11.0,Unknown,Low Stock,4.8,1964
2025-05-30,Amazon,Watch,Apple Watch Series X (45mm),New,429,3989.7,424.46,3947.48,1.1,Unknown,Low Stock,4.9,1290
2023-12-19,Amazon,iPhone,iPhone 12 Pro 128GB,New,999,9290.7,688.25,6400.73,31.1,Unknown,Out of Stock,4.5,3299
2022-09-11,Flipkart,Mac,MacBook Air M1 256GB,Renewed/Refurbished,999,9290.7,663.68,6172.22,33.6,Unknown,In Stock,4.4,1521
2022-09-10,Flipkart,iPhone,iPhone 12 Pro 128GB,New,999,9290.7,667.42,6207.01,33.2,Big Billion Days,In Stock,4.4,2916
2025-03-12,Flipkart,iPhone,iPhone 17 128GB,New,849,7895.7,849.54,7900.72,-0.1,Unknown,In Stock,4.7,425
2025-07-23,Amazon,Mac,MacBook Air M3 256GB,New,1099,10220.7,987.82,9186.73,10.1,Unknown,In Stock,4.7,1566
2023-04-30,Amazon,iPhone,iPhone 13 Pro Max 256GB,New,1199,11150.7,1111.05,10332.77,7.3,Unknown,In Stock,4.7,3034
2025-07-17,Amazon,Mac,MacBook Air M2 256GB,New,1199,11150.7,686.27,6382.31,42.8,Prime Day,Out of Stock,4.5,1801
2026-07-09,Flipkart,iPad,iPad Air (4th Gen) 64GB,Renewed/Refurbished,599,5570.7,270.18,2512.67,54.900000000000006,Unknown,Low Stock,4.0,5232
2026-12-02,Flipkart,Watch,Apple Watch Series 9 (45mm),New,429,3989.7,255.55,2376.62,40.400000000000006,Unknown,Out of Stock,4.7,4418
2023-10-13,Flipkart,Watch,Apple Watch Ultra 2,Renewed/Refurbished,799,7430.7,544.22,5061.25,31.9,Big Billion Days,In Stock,4.4,67
2026-07-29,Flipkart,Watch,Apple Watch Ultra,New,799,7430.7,504.6,4692.78,36.8,Unknown,Out of Stock,4.5,7420
2026-10-02,Flipkart,Mac,MacBook Air M2 256GB,New,1199,11150.7,888.37,8261.84,25.9,Unknown,Out of Stock,4.4,3366
2026-01-27,Flipkart,Watch,Apple Watch Series 9 (45mm),Renewed/Refurbished,429,3989.7,183.4,1705.62,57.2,Unknown,In Stock,4.4,1609
2025-05-03,Flipkart,iPhone,iPhone 16 Pro 256GB,Renewed/Refurbished,1099,10220.7,847.03,7877.38,22.9,Unknown,In Stock,4.3,901
2026-04-02,Flipkart,iPhone,iPhone 16 128GB,Renewed/Refurbished,799,7430.7,583.43,5425.9,27.0,Unknown,In Stock,4.4,1366
2026-02-16,Flipkart,iPhone,iPhone 15 Pro Max 256GB,New,1199,11150.7,1016.27,9451.31,15.2,Unknown,In Stock,4.4,4391
2025-07-06,Flipkart,iPhone,iPhone 16 128GB,New,799,7430.7,797.64,7418.05,0.2,Unknown,Low Stock,4.5,1080
2025-07-27,Amazon,Watch,Apple Watch Series 7 (45mm),New,429,3989.7,253.13,2354.11,41.0,Unknown,In Stock,4.5,1957
2026-12-06,Flipkart,iPhone,iPhone 17 128GB,New,849,7895.7,849.7,7902.21,-0.1,Unknown,Low Stock,4.4,533
2024-07-07,Amazon,iPhone,iPhone 12 Pro 128GB,New,999,9290.7,712.05,6622.07,28.7,Unknown,Out of Stock,4.7,2361
2025-02-06,Flipkart,iPad,iPad Air (4th Gen) 64GB,New,599,5570.7,355.97,3310.52,40.6,Unknown,In Stock,4.6,6968
2024-01-29,Amazon,iPad,iPad Air (4th Gen) 64GB,Renewed/Refurbished,599,5570.7,256.79,2388.15,57.1,Unknown,In Stock,4.3,5208
2025-07-03,Flipkart,Watch,Apple Watch Ultra 2,New,799,7430.7,698.13,6492.61,12.6,Unknown,In Stock,4.3,2768
2025-12-27,Flipkart,iPad,iPad Pro 12.9-inch (M2) 256GB,New,1199,11150.7,895.13,8324.71,25.3,Unknown,Out of Stock,4.5,6301
2024-06-16,Flipkart,Watch,Apple Watch Series 7 (45mm),New,429,3989.7,262.16,2438.09,38.9,Unknown,In Stock,4.3,4200
2026-04-18,Amazon,Mac,MacBook Pro 14-inch M1 Pro 512GB,New,1999,18590.7,1596.05,14843.27,20.200000000000003,Unknown,Out of Stock,4.4,5369
2026-07-28,Amazon,iPad,iPad Air (5th Gen) 64GB,Renewed/Refurbished,599,5570.7,271.85,2528.21,54.6,Unknown,In Stock,3.8,7136
2026-01-06,Flipkart,Mac,MacBook Air M2 256GB,Renewed/Refurbished,1199,11150.7,684.67,6367.43,42.9,Unknown,Low Stock,4.5,3824
2025-11-30,Flipkart,Mac,MacBook Pro 14-inch M1 Pro 512GB,New,1999,18590.7,1461.7,13593.81,26.9,Black Friday,Low Stock,4.7,8097
2025-12-27,Flipkart,iPhone,iPhone 16 128GB,New,799,7430.7,706.22,6567.85,11.6,Unknown,In Stock,4.5,2422
2025-08-24,Flipkart,iPad,iPad Air (5th Gen) 64GB,New,599,5570.7,358.51,3334.14,40.1,Unknown,In Stock,4.6,5376
2025-01-05,Flipkart,iPhone,iPhone 16 Pro 256GB,New,1099,10220.7,1115.67,10375.73,-1.5,Unknown,In Stock,4.2,816
2025-01-31,Amazon,iPad,iPad Pro 12.9-inch (M2) 256GB,New,1199,11150.7,1008.84,9382.21,15.9,Unknown,In Stock,4.2,1648
2026-04-20,Flipkart,iPad,iPad Pro 12.9-inch (M2) 256GB,New,1199,11150.7,894.12,8315.32,25.4,Unknown,Low Stock,4.3,5290
2024-06-12,Amazon,Watch,Apple Watch Ultra 2,New,799,7430.7,693.7,6451.41,13.2,Unknown,In Stock,4.3,1947
2026-09-07,Flipkart,iPhone,iPhone 14 128GB,New,799,7430.7,506.83,4713.52,36.6,Unknown,Out of Stock,4.3,6865
2026-06-17,Flipkart,iPhone,iPhone 16 Pro 256GB,Renewed/Refurbished,1099,10220.7,855.31,7954.38,22.2,Unknown,In Stock,4.0,1643
2026-09-06,Amazon,Mac,MacBook Pro 14-inch M3 Pro 512GB,New,1999,18590.7,1782.61,16578.27,10.8,Unknown,In Stock,4.7,1371
2026-06-07,Flipkart,iPhone,iPhone 16 Pro 256GB,Renewed/Refurbished,1099,10220.7,823.59,7659.39,25.1,Unknown,Low Stock,4.2,1480
2025-05-09,Amazon,iPhone,iPhone 12 Pro 128GB,Renewed/Refurbished,999,9290.7,469.66,4367.84,53.0,Unknown,Out of Stock,3.8,9704
2025-07-19,Flipkart,iPad,iPad Pro 12.9-inch (M2) 256GB,New,1199,11150.7,995.1,9254.43,17.0,Unknown,In Stock,4.5,5299
2026-05-24,Amazon,Watch,Apple Watch Series 8 (45mm),New,429,3989.7,255.05,2371.97,40.5,Unknown,Out of Stock,4.3,2612
2026-03-31,Flipkart,iPhone,iPhone 12 64GB,New,799,7430.7,471.12,4381.42,41.0,Unknown,In Stock,4.4,5691
2023-06-01,Amazon,iPhone,iPhone 14 128GB,Renewed/Refurbished,799,7430.7,570.0,5301.0,28.7,Unknown,In Stock,4.1,523
2021-12-26,Flipkart,Mac,MacBook Air M1 256GB,Renewed/Refurbished,999,9290.7,643.61,5985.57,35.6,Unknown,Low Stock,3.9,1748
2026-02-22,Flipkart,Mac,MacBook Air M3 256GB,New,1099,10220.7,985.64,9166.45,10.3,Unknown,Low Stock,4.2,1307
2025-06-04,Amazon,iPad,iPad Pro 12.9-inch (M2) 256GB,New,1199,11150.7,1012.04,9411.97,15.6,Unknown,In Stock,4.7,4955
2025-12-03,Amazon,iPhone,iPhone 14 Pro 128GB,New,999,9290.7,802.47,7462.97,19.7,Unknown,In Stock,4.6,1306
2025-04-27,Amazon,Watch,Apple Watch Series 9 (45mm),New,429,3989.7,323.66,3010.04,24.6,Unknown,In Stock,4.3,1390
2026-01-06,Flipkart,iPad,iPad Pro 11-inch (M1) 128GB,Renewed/Refurbished,799,7430.7,352.76,3280.67,55.8,Unknown,Out of Stock,4.1,8511
2025-08-20,Flipkart,iPhone,iPhone 12 64GB,New,799,7430.7,487.77,4536.26,39.0,Unknown,Low Stock,4.6,2901
2023-03-08,Flipkart,iPhone,iPhone 12 64GB,Renewed/Refurbished,799,7430.7,447.37,4160.54,44.0,Unknown,In Stock,4.4,3545
2023-07-06,Amazon,iPhone,iPhone 14 128GB,Renewed/Refurbished,799,7430.7,639.16,5944.19,20.0,Unknown,In Stock,4.3,1186
2025-03-21,Flipkart,iPhone,iPhone 16 Pro 256GB,New,1099,10220.7,1105.73,10283.29,-0.6,Unknown,In Stock,4.7,799
2024-11-08,Flipkart,Watch,Apple Watch Series 9 (45mm),New,429,3989.7,434.06,4036.76,-1.2,Unknown,In Stock,4.3,1202
2024-06-02,Flipkart,iPhone,iPhone 14 Pro 128GB,New,999,9290.7,911.39,8475.93,8.799999999999999,Unknown,Out of Stock,4.5,2582
2026-04-17,Amazon,iPad,iPad Air (5th Gen) 64GB,New,599,5570.7,359.3,3341.49,40.0,Unknown,In Stock,4.7,3225
2023-05-12,Amazon,Watch,Apple Watch Series 6 (44mm),New,429,3989.7,256.19,2382.57,40.3,Unknown,In Stock,4.6,5207
2025-07-10,Flipkart,Mac,MacBook Air M2 256GB,Renewed/Refurbished,1199,11150.7,640.92,5960.56,46.5,Big Billion Days,Low Stock,4.2,5382
2024-05-20,Amazon,iPhone,iPhone 14 128GB,New,799,7430.7,697.72,6488.8,12.7,Unknown,Low Stock,4.6,1700
2025-08-28,Amazon,iPad,iPad Pro 11-inch (M4) 256GB,New,999,9290.7,883.04,8212.27,11.6,Unknown,In Stock,4.6,2061
2025-01-31,Flipkart,iPad,iPad Pro 11-inch (M4) 256GB,Renewed/Refurbished,999,9290.7,786.56,7315.01,21.3,Unknown,In Stock,3.8,1290
2023-04-18,Amazon,Mac,MacBook Air M1 256GB,New,999,9290.7,790.21,7348.95,20.9,Unknown,In Stock,4.4,1951
2024-10-23,Amazon,iPhone,iPhone 16 Pro 256GB,Renewed/Refurbished,1099,10220.7,802.71,7465.2,27.0,Unknown,In Stock,4.1,156
2025-11-24,Amazon,Mac,MacBook Pro 14-inch M4 Pro 512GB,New,1999,18590.7,1602.12,14899.72,19.9,Black Friday,Low Stock,4.3,1883
2025-06-22,Amazon,Mac,MacBook Air M3 256GB,New,1099,10220.7,988.55,9193.51,10.1,Unknown,In Stock,4.8,823
2026-07-21,Flipkart,iPhone,iPhone 13 128GB,New,799,7430.7,482.17,4484.18,39.7,Unknown,Low Stock,4.6,6041
2024-01-28,Flipkart,iPad,iPad Air (4th Gen) 64GB,New,599,5570.7,360.37,3351.44,39.8,Unknown,Out of Stock,4.7,2761
2024-03-28,Amazon,Mac,MacBook Pro 14-inch M3 Pro 512GB,Renewed/Refurbished,1999,18590.7,1456.06,13541.36,27.200000000000003,Unknown,In Stock,4.1,759
2026-02-02,Flipkart,iPhone,iPhone 15 Pro Max 256GB,New,1199,11150.7,1014.24,9432.43,15.4,Unknown,In Stock,4.4,2241
2023-07-26,Amazon,Watch,Apple Watch Series 8 (45mm),New,429,3989.7,429.65,3995.74,-0.2,Unknown,In Stock,4.9,857
2025-04-17,Flipkart,iPhone,iPhone 13 128GB,Renewed/Refurbished,799,7430.7,347.1,3228.03,56.6,Unknown,Low Stock,4.1,2177
2026-02-01,Flipkart,iPhone,iPhone 17 128GB,New,849,7895.7,854.56,7947.41,-0.7000000000000001,Unknown,Low Stock,4.3,518
2026-02-07,Amazon,Watch,Apple Watch Series 6 (44mm),New,429,3989.7,252.65,2349.65,41.1,Unknown,In Stock,4.3,5813
2023-11-11,Flipkart,iPhone,iPhone 12 Pro 128GB,Renewed/Refurbished,999,9290.7,591.3,5499.09,40.8,Unknown,Low Stock,4.2,5238
2026-02-10,Amazon,iPhone,iPhone 15 Pro Max 256GB,New,1199,11150.7,1014.05,9430.67,15.4,Unknown,In Stock,4.7,2812
2025-08-12,Amazon,iPhone,iPhone 16 Pro 256GB,New,1099,10220.7,1010.07,9393.65,8.1,Unknown,In Stock,4.3,925
2025-10-23,Flipkart,iPhone,iPhone 17 128GB,New,849,7895.7,847.84,7884.91,0.1,Unknown,In Stock,4.4,155
2023-05-24,Flipkart,iPhone,iPhone 13 128GB,New,799,7430.7,707.17,6576.68,11.5,Unknown,In Stock,4.7,2501
2026-01-03,Flipkart,Mac,MacBook Pro 14-inch M2 Pro 512GB,New,1999,18590.7,1771.18,16471.97,11.4,Unknown,In Stock,4.3,3801
2025-07-24,Flipkart,iPad,iPad Air (4th Gen) 64GB,New,599,5570.7,353.94,3291.64,40.9,Unknown,In Stock,4.3,6336
2025-01-04,Flipkart,Mac,MacBook Air M1 256GB,Renewed/Refurbished,999,9290.7,441.42,4105.21,55.8,Unknown,Out of Stock,3.8,8005
2023-12-22,Flipkart,iPad,iPad (9th Gen) 64GB,New,329,3059.7,197.88,1840.28,39.900000000000006,Unknown,Low Stock,4.4,1728
2024-11-29,Amazon,iPhone,iPhone 16 Pro 256GB,New,1099,10220.7,1006.89,9364.08,8.4,Black Friday,In Stock,4.7,332
2025-05-10,Amazon,Watch,Apple Watch Series X (45mm),New,429,3989.7,283.02,2632.09,34.0,Great Indian Festival,In Stock,4.8,1787
2025-10-19,Amazon,Watch,Apple Watch Ultra 2,New,799,7430.7,610.83,5680.72,23.6,Unknown,In Stock,4.5,1813
2026-01-14,Flipkart,Watch,Apple Watch Series 9 (45mm),Renewed/Refurbished,429,3989.7,205.03,1906.78,52.2,Unknown,In Stock,4.1,1671
2024-08-07,Amazon,iPhone,iPhone 14 Pro 128GB,New,999,9290.7,882.44,8206.69,11.7,Unknown,In Stock,4.4,2011
2026-05-07,Amazon,iPhone,iPhone 16 128GB,New,799,7430.7,700.67,6516.23,12.3,Unknown,In Stock,4.4,2346
2026-01-28,Flipkart,iPhone,iPhone 12 64GB,New,799,7430.7,483.5,4496.55,39.5,Unknown,In Stock,4.2,8119
2022-11-30,Flipkart,Watch,Apple Watch Series 8 (45mm),New,429,3989.7,372.45,3463.79,13.2,Black Friday,In Stock,4.9,292
2023-02-04,Flipkart,Mac,MacBook Pro 14-inch M2 Pro 512GB,New,1999,18590.7,1974.61,18363.87,1.2,Unknown,In Stock,4.6,196
2026-07-21,Amazon,iPad,iPad Pro 11-inch (M1) 128GB,Renewed/Refurbished,799,7430.7,373.52,3473.74,53.3,Unknown,Out of Stock,4.1,5617
2024-05-19,Amazon,Watch,Apple Watch Ultra 2,New,799,7430.7,805.36,7489.85,-0.8,Unknown,In Stock,4.3,939
2025-10-27,Amazon,Watch,Apple Watch Ultra 2,New,799,7430.7,610.59,5678.49,23.6,Unknown,Out of Stock,4.7,3781
2025-08-21,Flipkart,iPad,iPad Pro 11-inch (M1) 128GB,New,799,7430.7,475.81,4425.03,40.400000000000006,Unknown,Out of Stock,4.2,5607
2023-07-16,Flipkart,Mac,MacBook Pro 14-inch M2 Pro 512GB,Renewed/Refurbished,1999,18590.7,1448.84,13474.21,27.500000000000004,Unknown,Low Stock,4.0,586
2025-04-21,Amazon,iPad,iPad (9th Gen) 64GB,Renewed/Refurbished,329,3059.7,147.49,1371.66,55.2,Unknown,Out of Stock,4.0,4145
2026-04-20,Amazon,Mac,MacBook Pro 14-inch M4 Pro 512GB,New,1999,18590.7,1910.59,17768.49,4.4,Unknown,In Stock,4.7,2775
2025-09-25,Flipkart,iPad,iPad Air (5th Gen) 64GB,New,599,5570.7,356.11,3311.82,40.6,Unknown,Out of Stock,4.3,4811
2023-02-20,Amazon,Mac,MacBook Air M2 256GB,New,1199,11150.7,1181.66,10989.44,1.4,Unknown,In Stock,4.4,901
2025-09-16,Flipkart,iPad,iPad Pro 11-inch (M4) 256GB,New,999,9290.7,909.12,8454.82,9.0,Unknown,In Stock,4.2,1446
2023-12-29,Amazon,Mac,MacBook Air M1 256GB,Renewed/Refurbished,999,9290.7,586.09,5450.64,41.3,Unknown,Out of Stock,4.2,1975
2026-02-20,Amazon,Mac,MacBook Pro 14-inch M3 Pro 512GB,New,1999,18590.7,1781.4,16567.02,10.9,Unknown,Low Stock,4.7,1841
2025-05-26,Amazon,iPad,iPad (9th Gen) 64GB,New,329,3059.7,196.68,1829.12,40.2,Unknown,Low Stock,4.7,3213
2021-07-15,Flipkart,iPad,iPad Air (4th Gen) 64GB,New,599,5570.7,607.42,5649.01,-1.4,Unknown,Out of Stock,4.6,974
2025-11-29,Amazon,Watch,Apple Watch Series X (45mm),New,429,3989.7,270.34,2514.16,37.0,Black Friday,In Stock,4.4,1251
2026-05-23,Amazon,iPhone,iPhone 13 128GB,New,799,7430.7,486.83,4527.52,39.1,Unknown,In Stock,4.3,5560
2025-02-10,Flipkart,iPad,iPad Pro 12.9-inch (M2) 256GB,Renewed/Refurbished,1199,11150.7,656.76,6107.87,45.2,Big Billion Days,In Stock,4.4,3343
2025-10-04,Amazon,iPad,iPad Pro 11-inch (M4) 256GB,Renewed/Refurbished,999,9290.7,776.75,7223.78,22.2,Unknown,In Stock,4.3,1096
2025-06-21,Amazon,Watch,Apple Watch Ultra 2,New,799,7430.7,689.38,6411.23,13.7,Unknown,In Stock,4.7,2924
2023-12-27,Amazon,Watch,Apple Watch Series 6 (44mm),New,429,3989.7,261.16,2428.79,39.1,Unknown,In Stock,4.6,2776
2025-06-22,Amazon,iPhone,iPhone 13 Pro Max 256GB,Renewed/Refurbished,1199,11150.7,662.04,6156.97,44.8,Unknown,Out of Stock,4.2,3536
2026-03-13,Amazon,iPhone,iPhone 16 Pro 256GB,Renewed/Refurbished,1099,10220.7,811.4,7546.02,26.200000000000003,Unknown,In Stock,4.5,825
2023-01-27,Amazon,Watch,Apple Watch Ultra,New,799,7430.7,793.4,7378.62,0.7000000000000001,Unknown,Low Stock,4.3,610
2023-10-07,Amazon,iPad,iPad Air (5th Gen) 64GB,Renewed/Refurbished,599,5570.7,317.42,2952.01,47.0,Prime Day,In Stock,4.2,2436
2026-06-17,Flipkart,iPhone,iPhone 17 128GB,New,849,7895.7,840.26,7814.42,1.0,Unknown,In Stock,4.6,1053
2025-05-09,Flipkart,iPhone,iPhone 16 Pro 256GB,Renewed/Refurbished,1099,10220.7,838.08,7794.14,23.7,Unknown,In Stock,4.0,1644
2024-01-02,Flipkart,Mac,MacBook Pro 14-inch M2 Pro 512GB,New,1999,18590.7,1902.08,17689.34,4.8,Unknown,Out of Stock,4.2,1794
2025-05-08,Amazon,Watch,Apple Watch Series X (45mm),New,429,3989.7,433.94,4035.64,-1.2,Unknown,In Stock,4.5,1805
2024-03-19,Amazon,iPad,iPad Pro 12.9-inch (M2) 256GB,Renewed/Refurbished,1199,11150.7,879.05,8175.16,26.700000000000003,Unknown,In Stock,3.9,857
2025-11-28,Amazon,iPhone,iPhone 17 128GB,New,849,7895.7,764.27,7107.71,10.0,Black Friday,Low Stock,4.8,436
2026-02-22,Flipkart,iPad,iPad Pro 12.9-inch (M2) 256GB,New,1199,11150.7,891.55,8291.42,25.6,Unknown,Low Stock,4.7,3205
2025-01-12,Amazon,iPhone,iPhone 15 Pro Max 256GB,New,1199,11150.7,986.31,9172.68,17.7,Unknown,In Stock,4.8,2979
2023-05-23,Amazon,Mac,MacBook Air M2 256GB,New,1199,11150.7,1217.57,11323.4,-1.5,Unknown,In Stock,4.5,1465
2022-02-10,Flipkart,Watch,Apple Watch Ultra,New,799,7430.7,638.61,5939.07,20.1,Big Billion Days,Low Stock,4.2,69
2022-03-19,Flipkart,Mac,MacBook Pro 14-inch M1 Pro 512GB,New,1999,18590.7,1984.35,18454.46,0.7000000000000001,Unknown,In Stock,4.8,641
2022-10-21,Amazon,iPad,iPad Air (4th Gen) 64GB,New,599,5570.7,501.7,4665.81,16.2,Unknown,In Stock,4.4,3841
2023-01-19,Amazon,iPhone,iPhone 13 Pro Max 256GB,New,1199,11150.7,1086.97,10108.82,9.3,Unknown,In Stock,4.7,1588
2024-04-26,Flipkart,iPhone,iPhone 14 Pro 128GB,New,999,9290.7,903.3,8400.69,9.6,Unknown,Out of Stock,4.8,1859
2023-03-08,Amazon,Watch,Apple Watch Series 6 (44mm),New,429,3989.7,253.9,2361.27,40.8,Unknown,In Stock,4.6,5757
2025-12-27,Flipkart,Watch,Apple Watch Series X (45mm),New,429,3989.7,333.57,3102.2,22.2,Unknown,In Stock,4.6,1531
2024-02-15,Flipkart,Mac,MacBook Air M2 256GB,Renewed/Refurbished,1199,11150.7,911.29,8475.0,24.0,Unknown,In Stock,4.1,2220
2024-10-25,Amazon,Watch,Apple Watch Ultra 2,Renewed/Refurbished,799,7430.7,586.17,5451.38,26.6,Unknown,Out of Stock,4.1,1510
2024-06-18,Flipkart,Watch,Apple Watch Series 8 (45mm),New,429,3989.7,325.13,3023.71,24.2,Unknown,In Stock,4.5,913
2024-08-19,Amazon,iPad,iPad Pro 11-inch (M1) 128GB,New,799,7430.7,491.08,4567.04,38.5,Unknown,In Stock,4.8,4933
2022-06-24,Amazon,iPad,iPad Air (4th Gen) 64GB,New,599,5570.7,505.98,4705.61,15.5,Unknown,In Stock,4.8,2132
2023-10-02,Flipkart,iPhone,iPhone 14 Pro 128GB,New,999,9290.7,1016.25,9451.12,-1.7000000000000002,Unknown,In Stock,4.6,881
2024-08-13,Amazon,iPad,iPad Air (5th Gen) 64GB,New,599,5570.7,394.9,3672.57,34.1,Unknown,In Stock,4.9,1379
2024-03-14,Flipkart,iPhone,iPhone 14 128GB,New,799,7430.7,686.36,6383.15,14.099999999999998,Unknown,In Stock,4.5,2721
2022-12-19,Flipkart,iPhone,iPhone 12 Pro 128GB,New,999,9290.7,785.84,7308.31,21.3,Unknown,In Stock,4.8,2506
2023-01-29,Flipkart,iPhone,iPhone 14 Pro 128GB,Renewed/Refurbished,999,9290.7,697.51,6486.84,30.2,Unknown,In Stock,4.4,618
2025-12-29,Flipkart,Mac,MacBook Air M1 256GB,New,999,9290.7,592.91,5514.06,40.6,Unknown,In Stock,4.3,9839
2024-11-02,Flipkart,iPhone,iPhone 14 Pro 128GB,New,999,9290.7,882.06,8203.16,11.7,Unknown,Low Stock,4.6,1223
2021-10-21,Flipkart,iPhone,iPhone 13 128GB,New,799,7430.7,790.96,7355.93,1.0,Unknown,In Stock,4.8,177
2025-05-07,Amazon,Watch,Apple Watch Series 9 (45mm),New,429,3989.7,322.68,3000.92,24.8,Unknown,In Stock,4.8,2874
2024-11-08,Flipkart,iPhone,iPhone 16 Pro 256GB,New,1099,10220.7,1093.55,10170.02,0.5,Unknown,In Stock,4.5,170
2023-11-02,Flipkart,Mac,MacBook Pro 14-inch M2 Pro 512GB,New,1999,18590.7,2032.27,18900.11,-1.7000000000000002,Unknown,Out of Stock,4.7,1251
2022-08-18,Flipkart,iPad,iPad Pro 11-inch (M1) 128GB,New,799,7430.7,695.11,6464.52,13.0,Unknown,In Stock,4.4,1514
2022-10-02,Flipkart,iPad,iPad Pro 11-inch (M1) 128GB,New,799,7430.7,789.7,7344.21,1.2,Unknown,In Stock,4.9,713
2025-10-27,Flipkart,Watch,Apple Watch Series 9 (45mm),New,429,3989.7,253.71,2359.5,40.9,Unknown,Low Stock,4.8,3837
2024-02-03,Amazon,iPad,iPad Air (4th Gen) 64GB,New,599,5570.7,357.93,3328.75,40.2,Unknown,Low Stock,4.5,2659
2026-02-06,Flipkart,iPhone,iPhone 17 128GB,New,849,7895.7,845.54,7863.52,0.4,Unknown,In Stock,4.7,1156
2025-10-27,Flipkart,iPhone,iPhone 16 Pro 256GB,New,1099,10220.7,989.05,9198.17,10.0,Unknown,Low Stock,4.3,1296
2024-09-14,Amazon,iPad,iPad (9th Gen) 64GB,New,329,3059.7,194.33,1807.27,40.9,Unknown,Low Stock,4.4,2572
2026-03-27,Flipkart,iPhone,iPhone 13 128GB,New,799,7430.7,479.8,4462.14,40.0,Unknown,In Stock,4.3,5462
2025-04-14,Flipkart,Watch,Apple Watch Series 6 (44mm),Renewed/Refurbished,429,3989.7,188.64,1754.35,56.00000000000001,Unknown,In Stock,4.2,4958
2026-01-11,Flipkart,iPad,iPad Pro 11-inch (M4) 256GB,New,999,9290.7,894.88,8322.38,10.4,Unknown,In Stock,4.8,1579
2023-07-15,Amazon,iPhone,iPhone 13 Pro Max 256GB,New,1199,11150.7,842.91,7839.06,29.7,Prime Day,Out of Stock,4.3,3030
2025-08-24,Amazon,iPad,iPad Pro 11-inch (M4) 256GB,New,999,9290.7,912.03,8481.88,8.7,Unknown,In Stock,4.4,2534
2025-06-01,Amazon,iPhone,iPhone 14 Pro 128GB,New,999,9290.7,786.14,7311.1,21.3,Unknown,In Stock,4.8,1578
2023-02-21,Amazon,iPhone,iPhone 14 Pro 128GB,New,999,9290.7,998.8,9288.84,0.0,Unknown,In Stock,4.2,872
2024-10-09,Flipkart,iPad,iPad Pro 12.9-inch (M2) 256GB,New,1199,11150.7,1090.71,10143.6,9.0,Unknown,In Stock,4.6,2598
2025-11-13,Amazon,iPhone,iPhone 12 Pro 128GB,New,999,9290.7,588.32,5471.38,41.1,Unknown,Low Stock,4.7,3698
2025-10-14,Flipkart,Mac,MacBook Pro 14-inch M1 Pro 512GB,New,1999,18590.7,1410.05,13113.47,29.5,Big Billion Days,Low Stock,4.4,7245
2025-09-02,Flipkart,Mac,MacBook Air M3 256GB,Renewed/Refurbished,1099,10220.7,825.86,7680.5,24.9,Unknown,Out of Stock,4.3,1778
2024-08-13,Flipkart,iPhone,iPhone 14 Pro 128GB,New,999,9290.7,903.96,8406.83,9.5,Unknown,In Stock,4.5,3253
2024-02-19,Flipkart,Watch,Apple Watch Series 7 (45mm),New,429,3989.7,253.87,2360.99,40.8,Unknown,Low Stock,4.8,3534
2024-03-19,Amazon,iPhone,iPhone 13 128GB,Renewed/Refurbished,799,7430.7,422.24,3926.83,47.2,Unknown,In Stock,4.4,2438
2022-02-17,Amazon,iPad,iPad (9th Gen) 64GB,Renewed/Refurbished,329,3059.7,236.73,2201.59,28.000000000000004,Unknown,In Stock,4.4,693
2024-08-30,Flipkart,Watch,Apple Watch Ultra 2,New,799,7430.7,806.84,7503.61,-1.0,Unknown,In Stock,4.4,1607
2025-07-17,Amazon,Mac,MacBook Pro 14-inch M4 Pro 512GB,Renewed/Refurbished,1999,18590.7,1345.26,12510.92,32.7,Prime Day,Low Stock,4.3,650
2021-12-10,Flipkart,iPhone,iPhone 13 Pro Max 256GB,New,1199,11150.7,1028.18,9562.07,14.2,Big Billion Days,In Stock,4.6,159
2025-02-26,Amazon,iPad,iPad Pro 11-inch (M4) 256GB,New,999,9290.7,981.48,9127.76,1.7999999999999998,Unknown,Low Stock,4.5,678
2026-01-17,Amazon,iPhone,iPhone 16 128GB,New,799,7430.7,703.43,6541.9,12.0,Unknown,In Stock,4.5,974
2026-03-25,Amazon,Watch,Apple Watch Series 9 (45mm),New,429,3989.7,261.1,2428.23,39.1,Unknown,In Stock,4.9,1409
2021-12-30,Flipkart,iPhone,iPhone 13 Pro Max 256GB,New,1199,11150.7,1211.23,11264.44,-1.0,Unknown,Out of Stock,4.5,346
2025-01-12,Flipkart,Watch,Apple Watch Series X (45mm),New,429,3989.7,333.34,3100.06,22.3,Unknown,In Stock,4.7,1229
2025-06-05,Amazon,Watch,Apple Watch Ultra 2,Renewed/Refurbished,799,7430.7,498.74,4638.28,37.6,Unknown,In Stock,3.9,1372
2025-08-02,Amazon,Watch,Apple Watch Series X (45mm),Renewed/Refurbished,429,3989.7,345.07,3209.15,19.6,Unknown,In Stock,4.0,589
2025-09-12,Amazon,iPhone,iPhone 15 Pro Max 256GB,Renewed/Refurbished,1199,11150.7,787.52,7323.94,34.300000000000004,Unknown,In Stock,4.3,1692
2025-06-19,Amazon,iPhone,iPhone 15 128GB,New,799,7430.7,689.92,6416.26,13.7,Unknown,In Stock,4.2,1850
2022-12-05,Amazon,iPad,iPad Pro 11-inch (M1) 128GB,New,799,7430.7,807.36,7508.45,-1.0,Unknown,In Stock,4.9,1593
2026-01-01,Flipkart,iPhone,iPhone 12 Pro 128GB,New,999,9290.7,608.91,5662.86,39.0,Unknown,Low Stock,4.3,4007
2026-10-05,Flipkart,Mac,MacBook Pro 14-inch M1 Pro 512GB,Renewed/Refurbished,1999,18590.7,1225.91,11400.96,38.7,Unknown,In Stock,4.4,3170
2025-09-26,Flipkart,iPhone,iPhone 16 Pro 256GB,New,1099,10220.7,996.73,9269.59,9.3,Unknown,In Stock,4.2,616
2025-11-03,Amazon,iPhone,iPhone 15 128GB,Renewed/Refurbished,799,7430.7,586.01,5449.89,26.700000000000003,Unknown,In Stock,4.0,1853
2022-01-21,Flipkart,iPhone,iPhone 12 Pro 128GB,New,999,9290.7,888.39,8262.03,11.1,Unknown,In Stock,4.6,1504
2023-11-26,Amazon,iPhone,iPhone 15 128GB,Renewed/Refurbished,799,7430.7,586.04,5450.17,26.700000000000003,Black Friday,In Stock,4.5,224
2023-05-20,Flipkart,Watch,Apple Watch Series 8 (45mm),Renewed/Refurbished,429,3989.7,356.15,3312.2,17.0,Unknown,In Stock,4.5,1133
2025-02-26,Flipkart,iPhone,iPhone 15 Pro Max 256GB,New,1199,11150.7,1081.74,10060.18,9.8,Unknown,Out of Stock,4.4,2804
2023-07-21,Flipkart,Mac,MacBook Air M2 256GB,Renewed/Refurbished,1199,11150.7,803.86,7475.9,33.0,Unknown,Out of Stock,3.9,2039
2022-09-18,Flipkart,iPhone,iPhone 13 128GB,New,799,7430.7,809.75,7530.68,-1.3,Unknown,In Stock,4.4,1284
2023-07-25,Flipkart,Mac,MacBook Air M1 256GB,Renewed/Refurbished,999,9290.7,654.5,6086.85,34.5,Unknown,In Stock,4.2,2425
2026-02-20,Flipkart,iPad,iPad Pro 12.9-inch (M2) 256GB,New,1199,11150.7,899.22,8362.75,25.0,Unknown,Low Stock,4.3,6475
2024-07-22,Amazon,iPad,iPad Pro 12.9-inch (M2) 256GB,Renewed/Refurbished,1199,11150.7,882.52,8207.44,26.4,Unknown,In Stock,4.5,2431
2026-08-01,Amazon,Mac,MacBook Pro 14-inch M2 Pro 512GB,New,1999,18590.7,1791.88,16664.48,10.4,Unknown,In Stock,4.3,5429
2024-10-19,Amazon,Watch,Apple Watch Series 6 (44mm),New,429,3989.7,253.69,2359.32,40.9,Unknown,Out of Stock,4.8,8211
2023-02-23,Amazon,Watch,Apple Watch Series 6 (44mm),New,429,3989.7,260.95,2426.84,39.2,Unknown,In Stock,4.6,3801
2026-04-30,Flipkart,iPad,iPad (9th Gen) 64GB,New,329,3059.7,200.12,1861.12,39.2,Unknown,In Stock,4.3,4995
2025-07-12,Amazon,Mac,MacBook Air M2 256GB,New,1199,11150.7,916.77,8525.96,23.5,Unknown,Out of Stock,4.6,5291
2021-11-06,Amazon,iPhone,iPhone 13 Pro Max 256GB,New,1199,11150.7,1189.42,11061.61,0.8,Unknown,In Stock,4.3,239
2026-02-02,Amazon,iPhone,iPhone 13 Pro Max 256GB,New,1199,11150.7,788.98,7337.51,34.2,Unknown,Out of Stock,4.6,8297
2023-05-17,Amazon,iPad,iPad Pro 11-inch (M1) 128GB,New,799,7430.7,697.07,6482.75,12.8,Unknown,In Stock,4.8,2690
2024-07-21,Amazon,iPad,iPad Pro 11-inch (M4) 256GB,New,999,9290.7,1018.11,9468.42,-1.9,Unknown,Out of Stock,4.5,222
2025-08-02,Amazon,Mac,MacBook Pro 14-inch M4 Pro 512GB,New,1999,18590.7,1995.06,18554.06,0.2,Unknown,In Stock,4.6,351
2022-06-20,Amazon,iPhone,iPhone 12 Pro 128GB,New,999,9290.7,896.77,8339.96,10.2,Unknown,Out of Stock,4.4,1436
2023-12-05,Amazon,iPad,iPad Pro 12.9-inch (M2) 256GB,New,1199,11150.7,1079.1,10035.63,10.0,Unknown,In Stock,4.6,1200
2026-03-26,Amazon,iPhone,iPhone 17 128GB,Renewed/Refurbished,849,7895.7,585.69,5446.92,31.0,Unknown,In Stock,4.0,812
2025-09-09,Flipkart,iPhone,iPhone 15 Pro Max 256GB,New,1199,11150.7,1101.94,10248.04,8.1,Unknown,In Stock,4.5,1189
2023-01-07,Amazon,Mac,MacBook Air M1 256GB,New,999,9290.7,812.41,7555.41,18.7,Unknown,Low Stock,4.4,2052
2025-12-14,Amazon,iPhone,iPhone 16 128GB,New,799,7430.7,686.89,6388.08,14.000000000000002,Unknown,In Stock,4.2,1486
2025-07-02,Amazon,Mac,MacBook Pro 14-inch M2 Pro 512GB,New,1999,18590.7,1813.03,16861.18,9.3,Unknown,In Stock,4.9,1550
2024-05-08,Amazon,iPhone,iPhone 13 128GB,New,799,7430.7,607.94,5653.84,23.9,Unknown,In Stock,4.7,3680
2026-03-17,Flipkart,iPhone,iPhone 15 128GB,Renewed/Refurbished,799,7430.7,457.18,4251.77,42.8,Unknown,In Stock,3.9,4249
2026-06-30,Amazon,Watch,Apple Watch Series X (45mm),New,429,3989.7,332.6,3093.18,22.5,Unknown,In Stock,4.6,1750
2025-02-17,Amazon,iPhone,iPhone 14 Pro 128GB,New,999,9290.7,800.18,7441.67,19.9,Unknown,In Stock,4.4,3298
2022-09-11,Flipkart,Watch,Apple Watch Ultra,New,799,7430.7,783.42,7285.81,2.0,Unknown,In Stock,4.6,158
2021-09-13,Amazon,iPhone,iPhone 12 64GB,Renewed/Refurbished,799,7430.7,607.44,5649.19,24.0,Unknown,In Stock,4.4,952
2024-04-14,Flipkart,iPad,iPad Air (4th Gen) 64GB,New,599,5570.7,353.53,3287.83,41.0,Unknown,Out of Stock,4.8,4284
2025-02-27,Flipkart,Watch,Apple Watch Series X (45mm),New,429,3989.7,430.14,4000.3,-0.3,Unknown,In Stock,4.8,773
2023-04-11,Flipkart,Watch,Apple Watch Series 6 (44mm),New,429,3989.7,256.39,2384.43,40.2,Unknown,In Stock,4.5,3782
2023-10-11,Flipkart,iPhone,iPhone 14 Pro 128GB,New,999,9290.7,911.61,8477.97,8.7,Unknown,In Stock,4.7,2184
2025-10-03,Amazon,iPhone,iPhone 15 128GB,New,799,7430.7,687.31,6391.98,14.000000000000002,Unknown,In Stock,4.5,2353
2023-03-07,Flipkart,iPad,iPad Pro 12.9-inch (M2) 256GB,Renewed/Refurbished,1199,11150.7,980.18,9115.67,18.3,Unknown,In Stock,4.1,429
2025-11-22,Amazon,iPhone,iPhone 17 128GB,New,849,7895.7,769.7,7158.21,9.3,Black Friday,In Stock,4.8,309
2026-10-07,Flipkart,Watch,Apple Watch Series 8 (45mm),New,429,3989.7,262.33,2439.67,38.9,Unknown,Low Stock,4.6,7405
2025-04-26,Amazon,iPhone,iPhone 15 128GB,Renewed/Refurbished,799,7430.7,510.82,4750.63,36.1,Unknown,Out of Stock,3.9,2056
2021-12-26,Amazon,iPhone,iPhone 12 64GB,Renewed/Refurbished,799,7430.7,550.76,5122.07,31.1,Unknown,In Stock,4.1,1579
2021-11-13,Flipkart,Watch,Apple Watch Series 6 (44mm),New,429,3989.7,330.23,3071.14,23.0,Unknown,In Stock,4.7,853
2026-10-02,Flipkart,Watch,Apple Watch Series 9 (45mm),New,429,3989.7,259.36,2412.05,39.5,Unknown,In Stock,4.6,1401
2021-06-26,Flipkart,iPad,iPad Air (4th Gen) 64GB,New,599,5570.7,610.27,5675.51,-1.9,Unknown,In Stock,4.3,513
2026-04-19,Flipkart,iPad,iPad Pro 11-inch (M4) 256GB,Renewed/Refurbished,999,9290.7,750.48,6979.46,24.9,Unknown,In Stock,4.3,2937
2022-02-12,Flipkart,iPhone,iPhone 12 Pro 128GB,New,999,9290.7,804.87,7485.29,19.4,Unknown,In Stock,4.9,2849
2025-04-02,Amazon,Mac,MacBook Air M3 256GB,Renewed/Refurbished,1099,10220.7,738.72,6870.1,32.800000000000004,Unknown,Low Stock,4.0,2115
2026-03-06,Flipkart,iPad,iPad Pro 11-inch (M4) 256GB,New,999,9290.7,788.35,7331.66,21.1,Unknown,In Stock,4.4,1414
2025-08-15,Amazon,Mac,MacBook Pro 14-inch M1 Pro 512GB,New,1999,18590.7,1729.84,16087.51,13.5,Unknown,In Stock,4.7,2276
2025-09-11,Flipkart,iPhone,iPhone 16 Pro 256GB,New,1099,10220.7,993.21,9236.85,9.6,Unknown,In Stock,4.3,1349
2025-04-06,Flipkart,Mac,MacBook Air M2 256GB,New,1199,11150.7,1004.97,9346.22,16.2,Unknown,In Stock,4.8,4223
2025-05-14,Amazon,iPad,iPad Pro 11-inch (M1) 128GB,New,799,7430.7,498.51,4636.14,37.6,Unknown,Low Stock,4.3,8040
2023-11-22,Amazon,iPhone,iPhone 15 Pro Max 256GB,New,1199,11150.7,1007.83,9372.82,15.9,Black Friday,In Stock,4.7,311
2024-05-13,Flipkart,iPad,iPad Pro 12.9-inch (M2) 256GB,Renewed/Refurbished,1199,11150.7,921.71,8571.9,23.1,Unknown,In Stock,3.9,1168
2025-09-17,Amazon,iPad,iPad Air (4th Gen) 64GB,New,599,5570.7,364.17,3386.78,39.2,Unknown,Out of Stock,4.4,3366
2022-03-23,Amazon,Watch,Apple Watch Series 7 (45mm),Renewed/Refurbished,429,3989.7,326.41,3035.61,23.9,Unknown,In Stock,4.4,537
2021-07-09,Flipkart,Watch,Apple Watch Series 6 (44mm),New,429,3989.7,420.7,3912.51,1.9,Unknown,In Stock,4.4,658
2025-04-13,Flipkart,Watch,Apple Watch Ultra,New,799,7430.7,593.07,5515.55,25.8,Unknown,In Stock,4.9,3351
2024-03-31,Flipkart,iPhone,iPhone 15 128GB,New,799,7430.7,784.06,7291.76,1.9,Unknown,In Stock,4.5,1012
2023-11-06,Amazon,iPad,iPad Air (5th Gen) 64GB,New,599,5570.7,506.55,4710.92,15.4,Unknown,In Stock,4.6,1488
2023-05-18,Amazon,iPhone,iPhone 12 64GB,New,799,7430.7,602.05,5599.06,24.6,Unknown,In Stock,4.3,2900
2023-11-08,Flipkart,Mac,MacBook Pro 14-inch M2 Pro 512GB,New,1999,18590.7,2026.73,18848.59,-1.4,Unknown,In Stock,4.7,1046
2025-09-16,Flipkart,Mac,MacBook Air M2 256GB,New,1199,11150.7,911.71,8478.9,24.0,Unknown,In Stock,4.6,6067
2024-04-15,Amazon,iPad,iPad Air (4th Gen) 64GB,Renewed/Refurbished,599,5570.7,273.8,2546.34,54.3,Unknown,Low Stock,4.0,6374
2023-04-12,Amazon,iPad,iPad Pro 12.9-inch (M2) 256GB,New,1199,11150.7,1101.35,10242.56,8.1,Unknown,In Stock,4.8,1598
2025-02-06,Flipkart,Mac,MacBook Pro 14-inch M2 Pro 512GB,Renewed/Refurbished,1999,18590.7,1503.57,13983.2,24.8,Unknown,In Stock,4.5,2673
2025-03-23,Amazon,iPad,iPad Pro 11-inch (M1) 128GB,New,799,7430.7,497.2,4623.96,37.8,Unknown,In Stock,4.4,3249
2024-11-13,Flipkart,Mac,MacBook Pro 14-inch M4 Pro 512GB,New,1999,18590.7,2008.12,18675.52,-0.5,Unknown,In Stock,4.4,94
2024-04-25,Flipkart,Mac,MacBook Air M1 256GB,New,999,9290.7,706.48,6570.26,29.3,Unknown,In Stock,4.4,2449
2025-04-27,Flipkart,Watch,Apple Watch Series 8 (45mm),New,429,3989.7,260.55,2423.12,39.3,Unknown,Low Stock,4.5,4335
2023-12-13,Amazon,iPhone,iPhone 13 128GB,New,799,7430.7,589.54,5482.72,26.200000000000003,Unknown,In Stock,4.4,4407
2022-10-24,Amazon,Mac,MacBook Pro 14-inch M1 Pro 512GB,New,1999,18590.7,2013.3,18723.69,-0.7000000000000001,Unknown,Out of Stock,4.4,1202
2026-11-07,Flipkart,iPhone,iPhone 16 Pro 256GB,New,1099,10220.7,1017.64,9464.05,7.399999999999999,Unknown,Out of Stock,4.5,3522
2023-05-26,Amazon,Watch,Apple Watch Series 7 (45mm),New,429,3989.7,329.35,3062.96,23.200000000000003,Unknown,In Stock,4.8,2188
2025-12-18,Amazon,iPhone,iPhone 16 Pro 256GB,New,1099,10220.7,979.75,9111.68,10.9,Unknown,In Stock,4.6,1843
2023-11-21,Amazon,iPad,iPad Pro 11-inch (M1) 128GB,Renewed/Refurbished,799,7430.7,342.35,3183.86,57.2,Black Friday,In Stock,4.1,4537
2025-11-16,Flipkart,iPhone,iPhone 17 128GB,New,849,7895.7,844.06,7849.76,0.6,Unknown,In Stock,4.8,319
2025-08-16,Flipkart,iPhone,iPhone 14 Pro 128GB,New,999,9290.7,801.5,7453.95,19.8,Unknown,In Stock,4.8,4219
2023-11-18,Amazon,Watch,Apple Watch Ultra 2,Renewed/Refurbished,799,7430.7,560.03,5208.28,29.9,Unknown,In Stock,4.2,235
2023-07-19,Amazon,Watch,Apple Watch Series 8 (45mm),New,429,3989.7,423.53,3938.83,1.3,Unknown,In Stock,4.8,1711
2023-08-20,Amazon,iPhone,iPhone 14 128GB,Renewed/Refurbished,799,7430.7,659.17,6130.28,17.5,Unknown,In Stock,4.1,908
2023-10-08,Flipkart,Mac,MacBook Pro 14-inch M2 Pro 512GB,New,1999,18590.7,1966.02,18283.99,1.6,Unknown,In Stock,4.8,595
2021-04-09,Flipkart,iPad,iPad Air (4th Gen) 64GB,New,599,5570.7,596.06,5543.36,0.5,Unknown,In Stock,4.7,469
2025-11-25,Amazon,iPhone,iPhone 16 Pro 256GB,Renewed/Refurbished,1099,10220.7,693.14,6446.2,36.9,Black Friday,In Stock,4.1,709
2025-10-16,Amazon,iPhone,iPhone 16 Pro 256GB,Renewed/Refurbished,1099,10220.7,836.22,7776.85,23.9,Unknown,In Stock,4.0,937
2025-09-11,Amazon,iPad,iPad (9th Gen) 64GB,Renewed/Refurbished,329,3059.7,161.62,1503.07,50.9,Unknown,Out of Stock,4.3,5972
2025-12-13,Amazon,Watch,Apple Watch Ultra,New,799,7430.7,497.47,4626.47,37.7,Unknown,Out of Stock,4.2,3225
2023-09-24,Flipkart,Mac,MacBook Pro 14-inch M2 Pro 512GB,New,1999,18590.7,2017.55,18763.22,-0.8999999999999999,Unknown,In Stock,4.7,810
2026-05-27,Flipkart,iPhone,iPhone 12 Pro 128GB,Renewed/Refurbished,999,9290.7,426.06,3962.36,57.4,Unknown,Low Stock,4.2,5199
2024-11-09,Flipkart,Watch,Apple Watch Series 8 (45mm),New,429,3989.7,324.11,3014.22,24.5,Unknown,Out of Stock,4.6,1908
2026-04-12,Amazon,Mac,MacBook Air M3 256GB,New,1099,10220.7,886.21,8241.75,19.4,Unknown,In Stock,4.5,1518
2025-05-12,Flipkart,iPad,iPad Air (5th Gen) 64GB,New,599,5570.7,356.95,3319.64,40.400000000000006,Unknown,Low Stock,4.7,1881
2022-10-28,Amazon,Watch,Apple Watch Series 7 (45mm),New,429,3989.7,324.24,3015.43,24.4,Unknown,In Stock,4.6,1275
2026-06-23,Flipkart,iPhone,iPhone 15 Pro Max 256GB,New,1199,11150.7,992.2,9227.46,17.2,Unknown,Out of Stock,4.3,4728
2022-10-20,Flipkart,iPad,iPad Pro 11-inch (M1) 128GB,New,799,7430.7,700.09,6510.84,12.4,Unknown,Out of Stock,4.6,2843
2025-12-25,Amazon,iPhone,iPhone 12 64GB,New,799,7430.7,470.12,4372.12,41.2,Unknown,Low Stock,4.3,6131
2023-04-25,Amazon,iPad,iPad Air (4th Gen) 64GB,New,599,5570.7,405.81,3774.03,32.300000000000004,Unknown,In Stock,4.9,1777
2024-03-27,Flipkart,iPhone,iPhone 15 128GB,Renewed/Refurbished,799,7430.7,609.15,5665.1,23.8,Unknown,In Stock,3.8,399
2023-08-15,Flipkart,Watch,Apple Watch Series 6 (44mm),New,429,3989.7,253.94,2361.64,40.8,Unknown,In Stock,4.8,3156
2023-01-31,Flipkart,iPhone,iPhone 13 128GB,Renewed/Refurbished,799,7430.7,506.53,4710.73,36.6,Unknown,In Stock,4.4,791
2024-04-17,Amazon,Mac,MacBook Air M3 256GB,New,1099,10220.7,1109.0,10313.7,-0.8999999999999999,Unknown,In Stock,4.5,262
2025-09-06,Flipkart,iPhone,iPhone 13 128GB,New,799,7430.7,489.62,4553.47,38.7,Unknown,Low Stock,4.9,2789
2024-11-02,Amazon,Mac,MacBook Pro 14-inch M1 Pro 512GB,New,1999,18590.7,1812.64,16857.55,9.3,Unknown,Low Stock,4.8,4045
2021-10-26,Amazon,Mac,MacBook Pro 14-inch M1 Pro 512GB,New,1999,18590.7,1989.18,18499.37,0.5,Unknown,In Stock,4.3,43
2022-01-16,Amazon,iPhone,iPhone 13 Pro Max 256GB,New,1199,11150.7,1207.68,11231.42,-0.7000000000000001,Unknown,In Stock,4.5,581
