Date,Platform,Product_Category,Model_Name,Condition,Launch_Price_USD,Launch_Price_MAD,Current_Price_USD,Current_Price_MAD,Discount_Pct,Sale_Event,Stock_Status,Rating,Reviews_Count
24/08/2025,amazon,Watch,Apple Watch Series 6 (44mm),new,429,3989.70,255.69,2377.92,40.400000000000006,,Low Stock,4.4,2671
2026-04-30,Flipkart,iPhone,iPhone 15 128GB, New,799,7430.70,594.58,5529.59,25.6,,In Stock,4.8,2828
2025-02-20, Amazon,Mac,MacBook Pro 14-inch M2 Pro 512GB,New,1999,18590.70,1802.37,16762.04,9.8,,In Stock,4.7,1515
Sep 26 2023,AMAZON ,Watch,Apple Watch Ultra,Renewed/Refurbished,799,7430.70,556.0,5170.80,30.4,,In Stock,3.9,1597
2025-08-13,FLIPKART,iPad,iPad Pro 11-inch (M1) 128GB,New,799,7430.70,477.03,4436.38,40.3,,Out of Stock,4.2,2983
2025-02-13,FLIPKART,iPhone,iPhone 14 128GB,New,799,7430.70,597.26,5554.52,25.2,,In Stock,4.6,4197
Feb 22 2025,amazon ,Mac,MacBook Pro 14-inch M3 Pro 512GB,Renewed/Refurbished,1999,18590.70,1370.94,12749.74,31.4,,In Stock,3.9,740
2024-07-31,amazon ,iPhone,iPhone 13 Pro Max 256GB,New,1199,11150.70,994.16,9245.69,17.1,,In Stock,4.5,5177
2025-11-11,flipkart,Watch,Apple Watch Series 9 (45mm),NEW ,429,3989.70,257.66,2396.24,39.900000000000006,,In Stock,4.7,4283
2025-01-29,amazon,iPad,iPad Air (5th Gen) 64GB,new,599,5570.70,399.77,3717.86,33.300000000000004,,In Stock,4.3,3503
2025-05-08, Amazon,iPhone,iPhone 14 128GB,new,799,7430.70,603.79,5615.25,24.4,,In Stock,4.3,3102
15/07/2022, Flipkart ,iPhone,iPhone 12 64GB,New,799,7430.70,702.51,6533.34,12.1,,In Stock,4.4,3316
2026-06-17,Flipkart,iPhone,iPhone 17 128GB,New,849,7895.70,857.51,7974.84,-1.0,,In Stock,4.3,1198
2023-06-07,AMAZON ,iPad,iPad Pro 11-inch (M1) 128GB,NEW ,799,7430.70,603.27,5610.41,24.5,,In Stock,4.7,1770
2025-07-11,amazon ,Mac,MacBook Pro 14-inch M4 Pro 512GB,New,1999,18590.70,1850.2,17206.86,7.399999999999999,Prime Day,In Stock,4.3,1315
2025-12-27, Flipkart ,Watch,Apple Watch Series X (45mm),New,429,3989.70,327.21,3043.05,23.7,,In Stock,4.6,1778
2024-01-13,flipkart,iPhone,iPhone 13 128GB,Renewed/Refurbished,799,7430.70,418.0,3887.40,47.7,,In Stock,4.2,1264
2025-04-13,amazon ,Watch,Apple Watch Series 9 (45mm),NEW ,429,3989.70,324.99,3022.41,24.2,,Low Stock,4.3,2007
Jul 25 2026,FLIPKART,iPhone,iPhone 16 Pro 256GB,New,1099,10220.70,1002.6,9324.18,8.799999999999999,,In Stock,4.7,2978
2025-01-22,amazon ,Mac,MacBook Pro 14-inch M4 Pro 512GB, New,1999,18590.70,1961.59,18242.79,1.9,,In Stock,4.6,347
2026-04-28,Flipkart,Watch,Apple Watch Series 8 (45mm),new,429,3989.70,254.19,2363.97,40.7,,Out of Stock,4.7,2670
07/08/2023, Flipkart ,iPhone,iPhone 12 Pro 128GB,Renewed/Refurbished,999,9290.70,576.24,5359.03,42.3,,In Stock,4.2,2403
2025-02-11,Amazon,Watch,Apple Watch Series X (45mm),new,429,3989.70,432.27,4020.11,-0.8,,In Stock,4.5,427
05/01/2025,amazon,Watch,Apple Watch Series 9 (45mm),New,429,3989.70,330.89,3077.28,22.9,,In Stock,4.8,968
12/12/2024,amazon,iPhone,iPhone 15 128GB,Renewed/Refurbished,799,7430.70,530.77,4936.16,33.6,,In Stock,4.4,907
2025-06-27, Flipkart ,Mac,MacBook Pro 14-inch M4 Pro 512GB,New,1999,18590.70,--,--,-1.0,,In Stock,4.6,1297
18/06/2025,FLIPKART,Watch,Apple Watch Ultra 2,Renewed/Refurbished,799,7430.70,554.9,5160.57,30.6,,In Stock,4.1,1042
2023-10-02,AMAZON ,iPhone,iPhone 13 Pro Max 256GB,NEW ,1199,11150.70,N/A,N/A,39.2,Great Indian Festival,In Stock,4.7,1725
2026-01-24,Amazon,iPhone,iPhone 17 128GB, New,849,7895.70,860.15,7999.40,-1.3,,Out of Stock,4.4,554
Feb 15 2026,FLIPKART,Mac,MacBook Pro 14-inch M2 Pro 512GB,Renewed/Refurbished,1999,18590.70,1402.46,13042.88,29.8,,Out of Stock,4.0,5906
2025-09-11,amazon,iPad,iPad (9th Gen) 64GB, New,329,3059.70,199.69,1857.12,39.3,,Out of Stock,4.4,2535
2024-05-06,amazon ,Mac,MacBook Air M3 256GB,Renewed/Refurbished,1099,10220.70,797.11,7413.12,27.500000000000004,,Out of Stock,4.3,170
2026-01-11,amazon ,iPhone,iPhone 16 128GB,new,799,7430.70,712.6,6627.18,10.8,,In Stock,4.2,1804
11/02/2026, Flipkart ,iPhone,iPhone 15 128GB,New,799,7430.70,604.64,5623.15,24.3,,In Stock,4.9,2471
03/09/2024,flipkart,iPad,iPad Pro 11-inch (M4) 256GB,NEW ,999,9290.70,1009.26,9386.12,-1.0,,In Stock,4.7,309
2025-12-16,amazon ,iPad,iPad Pro 12.9-inch (M2) 256GB, New,1199,11150.70,885.56,8235.71,26.1,,In Stock,4.7,5856
Mar 14 2025,FLIPKART,Mac,MacBook Pro 14-inch M3 Pro 512GB,new,1999,18590.70,1928.72,17937.10,3.5000000000000004,,In Stock,4.3,1165
01/11/2024, Flipkart ,iPhone,iPhone 15 Pro Max 256GB,Renewed/Refurbished,1199,11150.70,835.06,7766.06,30.4,,In Stock,3.9,878
2023-04-18, Flipkart ,iPhone,iPhone 14 Pro 128GB,New,999,9290.70,1003.95,9336.74,-0.5,,In Stock,4.8,584
2025-11-23,amazon ,iPhone,iPhone 15 Pro Max 256GB,New,1199,11150.70,899.19,8362.47,25.0,Black Friday,In Stock,4.2,2639
2026-01-11,Flipkart,iPad,iPad Pro 12.9-inch (M2) 256GB,new,1199,11150.70,887.35,8252.36,26.0,,Out of Stock,4.4,4036
2026-04-03,FLIPKART,Mac,MacBook Air M1 256GB,Renewed/Refurbished,999,9290.70,500.38,4653.53,49.9,,Out of Stock,4.3,10567
2023-12-26,Flipkart,iPad,iPad (9th Gen) 64GB,Renewed/Refurbished,329,3059.70,165.96,1543.43,49.6,,In Stock,4.0,2932
2023-02-16,Flipkart,Watch,Apple Watch Series 6 (44mm),Renewed/Refurbished,429,3989.70,210.34,1956.16,51.0,,In Stock,4.2,2775
2025-01-05, Flipkart ,Watch,Apple Watch Series X (45mm),new,429,3989.70,427.81,3978.63,0.3,,In Stock,4.2,369
2026-03-06,amazon,iPhone,iPhone 13 Pro Max 256GB,New,1199,11150.70,809.4,7527.42,32.5,,Out of Stock,4.3,3463
2024-12-08, Flipkart ,iPhone,iPhone 16 128GB,New,799,7430.70,789.25,7340.03,1.2,,In Stock,4.3,219
2024-06-24,amazon ,Watch,Apple Watch Series 7 (45mm),New,429,3989.70,260.96,2426.93,39.2,,In Stock,4.5,4617
2026-03-21,FLIPKART,Watch,Apple Watch Ultra 2,New,799,7430.70,602.55,5603.72,24.6,,In Stock,4.3,2198
2025-04-13,AMAZON ,iPhone,iPhone 16 128GB,New,799,7430.70,801.81,7456.83,-0.4,,In Stock,4.2,963
2021-12-12, Amazon,iPad,iPad Pro 11-inch (M1) 128GB,Renewed/Refurbished,799,7430.70,582.9,5420.97,27.0,,In Stock,4.1,420
May 15 2024, Amazon,Watch,Apple Watch Series 7 (45mm), New,429,3989.70,259.33,2411.77,39.5,,In Stock,4.4,2708
2023-09-17,Flipkart,iPad,iPad Pro 12.9-inch (M2) 256GB, New,1199,11150.70,1205.75,11213.48,-0.6,,In Stock,4.5,855
2026-04-04,FLIPKART,iPhone,iPhone 13 Pro Max 256GB, New,1199,11150.70,796.32,7405.78,33.6,,Low Stock,4.5,5143
2026-01-15,flipkart,Mac,MacBook Pro 14-inch M4 Pro 512GB,Renewed/Refurbished,1999,18590.70,1452.18,13505.27,27.4,,In Stock,4.2,1602
2023-08-29, Flipkart ,iPad,iPad Pro 11-inch (M1) 128GB,New,799,7430.70,609.11,5664.72,23.8,,In Stock,4.3,3301
16/03/2026,Flipkart,Mac,MacBook Pro 14-inch M1 Pro 512GB, New,1999,18590.70,1627.05,15131.57,18.6,,Low Stock,4.7,7699
2025-05-15,Flipkart,Watch,Apple Watch Series 9 (45mm),New,429,3989.70,324.53,3018.13,24.4,,In Stock,4.7,1316
2021-03-22, Flipkart ,Watch,Apple Watch Series 6 (44mm),NEW ,429,3989.70,436.94,4063.54,-1.9,,In Stock,4.8,388
2026-01-17,flipkart,iPhone,iPhone 15 Pro Max 256GB,New,1199,11150.70,1016.03,9449.08,15.3,,In Stock,4.3,2415
Dec 13 2023,amazon ,iPhone,iPhone 13 128GB,New,799,7430.70,591.6,5501.88,26.0,,In Stock,4.3,3535
2024-06-09,flipkart,Watch,Apple Watch Series 8 (45mm), New,429,3989.70,331.54,3083.32,22.7,,In Stock,4.9,1277
2025-04-12, Flipkart ,Mac,MacBook Pro 14-inch M4 Pro 512GB,Renewed/Refurbished,1999,18590.70,1414.17,13151.78,29.3,,In Stock,4.3,295
Apr 02 2024,Flipkart,Watch,Apple Watch Series 8 (45mm),Renewed/Refurbished,429,3989.70,241.93,2249.95,43.6,,In Stock,4.3,2531
2022-07-05,amazon ,iPad,iPad Air (4th Gen) 64GB,Renewed/Refurbished,599,5570.70,390.26,3629.42,34.8,,In Stock,3.8,2551
2024-12-30,Flipkart,Mac,MacBook Pro 14-inch M4 Pro 512GB,NEW ,1999,18590.70,2033.83,18914.62,-1.7000000000000002,,In Stock,4.8,352
2026-06-09,Amazon,Mac,MacBook Air M1 256GB,Renewed/Refurbished,999,9290.70,493.4,4588.62,50.6,,Low Stock,4.0,9322
2026-05-24, Flipkart ,iPhone,iPhone 14 128GB,Renewed/Refurbished,799,7430.70,380.81,3541.53,52.3,,Low Stock,4.0,6339
2025-03-26, Amazon,iPhone,iPhone 16 128GB,Renewed/Refurbished,799,7430.70,622.01,5784.69,22.2,,Low Stock,4.2,428
2026-07-02,AMAZON ,iPad,iPad Air (5th Gen) 64GB,Renewed/Refurbished,599,5570.70,272.87,2537.69,54.400000000000006,,Low Stock,4.4,4877
Feb 22 2026,Amazon,iPhone,iPhone 17 128GB, New,849,7895.70,861.94,8016.04,-1.5,,Out of Stock,4.4,669
2024-03-27,Flipkart,Watch,Apple Watch Series 7 (45mm),New,429,3989.70,262.32,2439.58,38.9,,In Stock,4.5,2499
Aug 16 2025,FLIPKART,Mac,MacBook Air M3 256GB,Renewed/Refurbished,1099,10220.70,795.93,7402.15,27.6,,In Stock,3.9,2312
23/02/2026,FLIPKART,Watch,Apple Watch Ultra,new,799,7430.70,501.32,4662.28,37.3,,Out of Stock,4.8,5754
2024-07-05, Amazon,iPhone,iPhone 14 Pro 128GB, New,999,9290.70,895.21,8325.45,10.4,,In Stock,4.5,3308
2021-10-23,FLIPKART,iPhone,iPhone 13 Pro Max 256GB,NEW ,1199,11150.70,1175.1,10928.43,2.0,,In Stock,4.7,81
2024-09-02,amazon ,Mac,MacBook Air M1 256GB,Renewed/Refurbished,999,9290.70,515.19,4791.27,48.4,,In Stock,4.5,2145
2023-05-15,Flipkart,iPhone,iPhone 14 Pro 128GB,NEW ,999,9290.70,992.66,9231.74,0.6,,In Stock,4.4,643
2025-09-11,amazon ,iPhone,iPhone 15 128GB,new,799,7430.70,688.47,6402.77,13.8,,In Stock,4.4,3061
13/07/2025,Flipkart,iPhone,iPhone 16 Pro 256GB,Renewed/Refurbished,1099,10220.70,839.44,7806.79,23.6,,In Stock,3.8,820
Feb 01 2022,AMAZON ,Mac,MacBook Pro 14-inch M1 Pro 512GB,Renewed/Refurbished,1999,18590.70,1658.17,15420.98,17.0,,In Stock,4.4,462
Apr 02 2025,FLIPKART,iPad,iPad Air (4th Gen) 64GB,NEW ,599,5570.70,363.1,3376.83,39.4,,Out of Stock,4.3,8739
2026-04-15, Flipkart ,iPhone,iPhone 16 128GB,NEW ,799,7430.70,695.68,6469.82,12.9,,In Stock,4.7,2519
2025-12-04,amazon,iPad,iPad Pro 11-inch (M4) 256GB,New,999,9290.70,912.57,8486.90,8.7,,In Stock,4.4,3008
2023-12-25,amazon ,Watch,Apple Watch Series 9 (45mm),new,429,3989.70,425.09,3953.34,0.8999999999999999,,In Stock,4.6,485
2023-05-04,flipkart,iPhone,iPhone 12 Pro 128GB, New,999,9290.70,813.03,7561.18,18.6,,Low Stock,4.3,4120
2025-03-17, Amazon,iPhone,iPhone 16 128GB,new,799,7430.70,811.49,7546.86,-1.6,,In Stock,4.8,800
02/07/2024,flipkart,Mac,MacBook Pro 14-inch M3 Pro 512GB,Renewed/Refurbished,1999,18590.70,1435.04,13345.87,28.2,,In Stock,3.9,1203
Feb 14 2025,Flipkart,Watch,Apple Watch Series X (45mm),NEW ,429,3989.70,432.36,4020.95,-0.8,,Low Stock,4.6,717
16/08/2024,FLIPKART,iPad,iPad (9th Gen) 64GB,NEW ,329,3059.70,199.59,1856.19,39.3,,In Stock,4.5,2370
2025-11-29,AMAZON ,Mac,MacBook Air M2 256GB,Renewed/Refurbished,1199,11150.70,539.39,5016.33,55.00000000000001,Black Friday,Out of Stock,4.4,6708
29/07/2026,flipkart,iPhone,iPhone 17 128GB,Renewed/Refurbished,849,7895.70,684.79,6368.55,19.3,,In Stock,4.5,1353
2025-01-01, Flipkart ,Mac,MacBook Pro 14-inch M1 Pro 512GB,NEW ,1999,18590.70,1671.72,15547.00,16.400000000000002,,Low Stock,4.3,3435
2024-02-29,flipkart,iPad,iPad Pro 12.9-inch (M2) 256GB,NEW ,1199,11150.70,1106.16,10287.29,7.7,,In Stock,4.4,1556
2023-05-11,Amazon,iPad,iPad Air (5th Gen) 64GB,new,599,5570.70,505.66,4702.64,15.6,,In Stock,4.8,1404
2022-09-27,flipkart,iPhone,iPhone 14 Pro 128GB,New,999,9290.70,1008.1,9375.33,-0.8999999999999999,,In Stock,4.3,82
2024-06-25, Amazon,iPhone,iPhone 15 Pro Max 256GB,NEW ,1199,11150.70,1210.17,11254.58,-0.8999999999999999,,In Stock,4.3,1128
2025-10-29,amazon,iPhone,iPhone 13 128GB,new,799,7430.70,473.82,4406.53,40.7,,In Stock,4.9,6354
01/12/2024,Flipkart,iPhone,iPhone 12 64GB,NEW ,799,7430.70,478.09,4446.24,40.2,,Out of Stock,4.4,7463
2026-07-12, Flipkart ,Watch,Apple Watch Series 7 (45mm), New,429,3989.70,261.75,2434.28,39.0,,Low Stock,4.7,5409
2026-03-14,amazon,iPhone,iPhone 17 128GB, New,849,7895.70,841.11,7822.32,0.8999999999999999,,Low Stock,4.6,781
2025-07-20, Flipkart ,Watch,Apple Watch Series X (45mm),Renewed/Refurbished,429,3989.70,352.28,3276.20,17.9,,In Stock,3.9,939
2023-10-06,Amazon,iPhone,iPhone 14 128GB,NEW ,799,7430.70,503.77,4685.06,36.9,Great Indian Festival,In Stock,4.8,2097
2026-06-30, Flipkart ,iPhone,iPhone 16 Pro 256GB,new,1099,10220.70,997.1,9273.03,9.3,,In Stock,4.3,2584
2022-08-30,amazon ,iPhone,iPhone 12 Pro 128GB,NEW ,999,9290.70,888.66,8264.54,11.0,,In Stock,4.4,2110
2025-09-22, Flipkart ,iPhone,iPhone 13 Pro Max 256GB,NEW ,1199,11150.70,907.83,8442.82,24.3,,Low Stock,4.8,7138
2025-01-25,FLIPKART,Watch,Apple Watch Ultra, New,799,7430.70,592.08,5506.34,25.9,,In Stock,4.4,2200
2023-09-04, Flipkart ,iPhone,iPhone 12 Pro 128GB,Renewed/Refurbished,999,9290.70,660.78,6145.25,33.900000000000006,,In Stock,4.5,4346
Dec 09 2023,Flipkart,iPhone,iPhone 12 Pro 128GB,Renewed/Refurbished,999,9290.70,488.12,4539.52,51.1,,Out of Stock,4.1,4849
2024-02-04,AMAZON ,iPhone,iPhone 13 Pro Max 256GB, New,1199,11150.70,1000.73,9306.79,16.5,,In Stock,4.5,3907
2025-02-10,amazon,Mac,MacBook Pro 14-inch M2 Pro 512GB, New,1999,18590.70,1770.96,16469.93,11.4,,Low Stock,4.8,3456
23/06/2024,amazon ,Watch,Apple Watch Ultra 2,Renewed/Refurbished,799,7430.70,583.36,5425.25,27.0,,In Stock,4.2,1044
2026-05-28,flipkart,Watch,Apple Watch Series 6 (44mm),new,429,3989.70,258.55,2404.52,39.7,,In Stock,4.7,8672
2024-06-17,amazon,Mac,MacBook Air M3 256GB,Renewed/Refurbished,1099,10220.70,927.72,8627.80,15.6,,In Stock,3.9,276
2025-10-08,Amazon,iPhone,iPhone 14 Pro 128GB,NEW ,999,9290.70,513.73,4777.69,48.6,Great Indian Festival,Out of Stock,4.6,6121
02/11/2022,amazon ,iPad,iPad (9th Gen) 64GB, New,329,3059.70,228.53,2125.33,30.5,,In Stock,4.2,1880
2023-08-10,Flipkart,iPad,iPad (9th Gen) 64GB,New,329,3059.70,224.45,2087.39,31.8,,In Stock,4.2,2837
2025-09-19,amazon,Mac,MacBook Pro 14-inch M4 Pro 512GB, New,1999,18590.70,1972.23,18341.74,1.3,,In Stock,4.8,1316
2025-11-07, Flipkart ,Watch,Apple Watch Series 9 (45mm),New,429,3989.70,253.27,2355.41,41.0,,In Stock,4.4,2936
2024-02-07,Amazon,Mac,MacBook Pro 14-inch M2 Pro 512GB,new,1999,18590.70,1908.24,17746.63,4.5,,Out of Stock,4.9,1704
2025-04-21,Flipkart,iPad,iPad Pro 11-inch (M1) 128GB,New,799,7430.70,508.07,4725.05,36.4,,Out of Stock,4.5,4741
2026-07-20, Amazon,Mac,MacBook Air M2 256GB,New,1199,11150.70,804.24,7479.43,32.9,,In Stock,4.3,3919
2023-08-17, Amazon,Mac,MacBook Air M1 256GB, New,999,9290.70,790.16,7348.49,20.9,,In Stock,4.6,4914
2021-08-26,Amazon,Watch,Apple Watch Series 6 (44mm),NEW ,429,3989.70,437.3,4066.89,-1.9,,In Stock,4.7,1553
2025-04-19,Flipkart,Watch,Apple Watch Series 9 (45mm),NEW ,429,3989.70,328.94,3059.14,23.3,,In Stock,4.8,1912
2026-02-11,Flipkart,iPhone,iPhone 14 Pro 128GB,new,999,9290.70,685.58,6375.89,31.4,,In Stock,4.3,2380
2023-12-26,flipkart,Mac,MacBook Air M1 256GB,NEW ,999,9290.70,686.94,6388.54,31.2,,Out of Stock,4.8,3270
Mar 10 2026,Flipkart,Watch,Apple Watch Series 6 (44mm),NEW ,429,3989.70,253.54,2357.92,40.9,,Low Stock,4.9,9733
26/12/2024,Amazon,iPad,iPad Air (4th Gen) 64GB, New,599,5570.70,362.55,3371.72,39.5,,Out of Stock,4.6,5228
2025-10-16,AMAZON ,Mac,MacBook Air M3 256GB, New,1099,10220.70,986.12,9170.92,10.3,,In Stock,4.9,2858
2025-09-02, Flipkart ,Watch,Apple Watch Series 7 (45mm),Renewed/Refurbished,429,3989.70,215.05,1999.97,49.9,,Low Stock,3.8,6028
2024-10-13,flipkart,iPhone,iPhone 16 Pro 256GB,Renewed/Refurbished,1099,10220.70,597.49,5556.66,45.6,Big Billion Days,Out of Stock,4.5,103
13/10/2024,FLIPKART,Watch,Apple Watch Series 6 (44mm),NEW ,429,3989.70,228.51,2125.14,46.7,Big Billion Days,Out of Stock,4.3,6760
2025-03-28,FLIPKART,iPhone,iPhone 16 128GB, New,799,7430.70,805.8,7493.94,-0.8999999999999999,,In Stock,4.4,723
2026-01-01, Amazon,iPhone,iPhone 13 128GB,New,799,7430.70,486.76,4526.87,39.1,,In Stock,4.8,3640
2022-12-28, Flipkart ,Watch,Apple Watch Series 6 (44mm),Renewed/Refurbished,429,3989.70,210.06,1953.56,51.0,,In Stock,4.3,4050
2025-12-28,Amazon,Mac,MacBook Air M2 256GB,NEW ,1199,11150.70,883.67,8218.13,26.3,,Out of Stock,4.8,6255
2025-07-02,flipkart,Watch,Apple Watch Ultra 2,New,799,7430.70,697.22,6484.15,12.7,,In Stock,4.5,2220
2025-07-11, Flipkart ,Mac,MacBook Pro 14-inch M2 Pro 512GB,Renewed/Refurbished,1999,18590.70,1246.12,11588.92,37.7,,In Stock,4.3,4905
2023-03-03,amazon,iPhone,iPhone 12 Pro 128GB,new,999,9290.70,804.47,7481.57,19.5,,Out of Stock,4.4,1843
2024-12-04,Amazon,Mac,MacBook Pro 14-inch M4 Pro 512GB,new,1999,18590.70,2026.01,18841.89,-1.4,,In Stock,4.9,149
2025-06-19,FLIPKART,iPhone,iPhone 15 Pro Max 256GB,New,1199,11150.70,1082.06,10063.16,9.8,,Low Stock,4.8,1176
2024-02-09,amazon ,iPhone,iPhone 13 128GB,NEW ,799,7430.70,603.17,5609.48,24.5,,In Stock,4.6,2714
2024-07-07, Amazon,iPhone,iPhone 14 Pro 128GB, New,999,9290.70,888.25,8260.73,11.1,,In Stock,4.9,1532
2023-06-08,amazon,iPad,iPad (9th Gen) 64GB,Renewed/Refurbished,329,3059.70,178.04,1655.77,45.9,,In Stock,4.3,2120
2025-11-01,flipkart,Mac,MacBook Air M2 256GB, New,1199,11150.70,902.34,8391.76,24.7,,In Stock,4.2,2822
2024-07-15, Flipkart ,iPhone,iPhone 14 128GB,new,799,7430.70,708.43,6588.40,11.3,,In Stock,4.6,3662
2026-07-18,Amazon,iPhone,iPhone 12 Pro 128GB,NEW ,999,9290.70,455.66,4237.64,54.400000000000006,Prime Day,In Stock,4.8,7752
2024-12-05,amazon,iPhone,iPhone 12 Pro 128GB,new,999,9290.70,590.13,5488.21,40.9,,Low Stock,4.5,2357
2024-10-22,amazon,Watch,Apple Watch Ultra,NEW ,799,7430.70,592.87,5513.69,25.8,,In Stock,4.4,2754
2022-10-05,FLIPKART,iPhone,iPhone 12 Pro 128GB, New,999,9290.70,557.0,5180.10,44.2,Big Billion Days,Out of Stock,4.5,2945
2023-12-14,Flipkart,iPad,iPad (9th Gen) 64GB,Renewed/Refurbished,329,3059.70,159.95,1487.54,51.4,,In Stock,4.3,1211
2025-11-30, Flipkart ,Watch,Apple Watch Series 8 (45mm),new,429,3989.70,219.08,2037.44,48.9,Black Friday,In Stock,4.5,4623
03/01/2024,AMAZON ,Mac,MacBook Air M2 256GB, New,1199,11150.70,1099.21,10222.65,8.3,,In Stock,4.7,1629
2026-02-19,FLIPKART,Watch,Apple Watch Ultra,new,799,7430.70,495.81,4611.03,37.9,,In Stock,4.5,4556
2023-02-03,FLIPKART,Mac,MacBook Air M2 256GB, New,1199,11150.70,1206.27,11218.31,-0.6,,In Stock,4.4,1176
2022-12-19, Flipkart ,iPad,iPad (9th Gen) 64GB,new,329,3059.70,226.86,2109.80,31.0,,Low Stock,4.6,2279
07/10/2025,amazon,Mac,MacBook Pro 14-inch M4 Pro 512GB,Renewed/Refurbished,1999,18590.70,1385.39,12884.13,30.7,Great Indian Festival,Low Stock,4.4,575
2025-09-23,FLIPKART,iPhone,iPhone 16 Pro 256GB,New,1099,10220.70,995.25,9255.83,9.4,,In Stock,4.3,1887
2024-08-27, Amazon,Watch,Apple Watch Series 9 (45mm),New,429,3989.70,422.29,3927.30,1.6,,In Stock,4.8,1372
04/06/2023,amazon,Mac,MacBook Air M1 256GB,new,999,9290.70,784.31,7294.08,21.5,,Low Stock,4.3,3877
08/01/2025,Amazon,Mac,MacBook Pro 14-inch M2 Pro 512GB, New,1999,18590.70,1897.29,17644.80,5.1,,In Stock,4.2,3467
2024-10-14,Flipkart,Mac,MacBook Air M3 256GB,new,1099,10220.70,912.06,8482.16,17.0,Big Billion Days,Low Stock,4.3,716
2021-12-11,FLIPKART,iPhone,iPhone 12 64GB,NEW ,799,7430.70,696.67,6479.03,12.8,,In Stock,4.9,1426
2025-08-22,Amazon,iPad,iPad Pro 11-inch (M1) 128GB,new,799,7430.70,479.77,4461.86,40.0,,In Stock,4.8,6838
2026-07-02,amazon,iPhone,iPhone 15 Pro Max 256GB,NEW ,1199,11150.70,995.86,9261.50,16.900000000000002,,In Stock,4.7,5506
2026-01-02,amazon,Mac,MacBook Pro 14-inch M4 Pro 512GB,Renewed/Refurbished,1999,18590.70,1595.68,14839.82,20.200000000000003,,In Stock,4.2,1764
Feb 20 2025,Flipkart,iPhone,iPhone 15 Pro Max 256GB,NEW ,1199,11150.70,1096.74,10199.68,8.5,,In Stock,4.6,1552
2025-08-23,AMAZON ,Watch,Apple Watch Series 7 (45mm), New,429,3989.70,261.12,2428.42,39.1,,Low Stock,4.8,5014
2024-01-04,AMAZON ,Watch,Apple Watch Ultra 2,Renewed/Refurbished,799,7430.70,609.59,5669.19,23.7,,In Stock,4.2,229
2024-07-14,AMAZON ,iPhone,iPhone 12 64GB, New,799,7430.70,379.73,3531.49,52.5,Prime Day,In Stock,4.5,5541
2023-07-09, Flipkart ,iPad,iPad (9th Gen) 64GB,new,329,3059.70,230.06,2139.56,30.1,,Out of Stock,4.5,3484
2024-09-27,flipkart,iPhone,iPhone 13 Pro Max 256GB,NEW ,1199,11150.70,888.19,8260.17,25.9,,In Stock,4.6,2458
Jun 10 2023,FLIPKART,Watch,Apple Watch Series 6 (44mm), New,429,3989.70,255.72,2378.20,40.400000000000006,,In Stock,4.9,3597
2023-09-05, Flipkart ,Watch,Apple Watch Series 8 (45mm),New,429,3989.70,424.1,3944.13,1.1,,In Stock,4.3,843
Oct 05 2024, Amazon,Mac,MacBook Air M2 256GB,Renewed/Refurbished,1199,11150.70,689.58,6413.09,42.5,Great Indian Festival,In Stock,3.8,1289
20/04/2026,amazon ,iPhone,iPhone 14 Pro 128GB,Renewed/Refurbished,999,9290.70,571.26,5312.72,42.8,,Out of Stock,4.0,3003
2024-11-25,flipkart,iPad,iPad Pro 11-inch (M4) 256GB,New,999,9290.70,793.38,7378.43,20.6,Black Friday,Out of Stock,4.3,501
18/11/2025,amazon,iPhone,iPhone 13 Pro Max 256GB, New,1199,11150.70,812.98,7560.71,32.2,,Out of Stock,4.8,3758
2025-02-09,flipkart,Mac,MacBook Air M3 256GB,Renewed/Refurbished,1099,10220.70,825.86,7680.50,24.9,,Out of Stock,4.3,1778
2025-08-15,amazon ,iPhone,iPhone 16 128GB,Renewed/Refurbished,799,7430.70,649.62,6041.47,18.7,,In Stock,4.3,778
2025-10-09,Flipkart,iPhone,iPhone 17 128GB,New,849,7895.70,718.59,6682.89,15.4,Big Billion Days,Out of Stock,4.2,148
20/01/2025,Flipkart,iPhone,iPhone 16 128GB,Renewed/Refurbished,799,7430.70,619.91,5765.16,22.4,,In Stock,3.9,329
2023-04-16, Flipkart ,iPad,iPad Pro 12.9-inch (M2) 256GB, New,1199,11150.70,1185.05,11020.97,1.2,,In Stock,4.5,914
2026-07-25,Amazon,Mac,MacBook Pro 14-inch M2 Pro 512GB,Renewed/Refurbished,1999,18590.70,1390.1,12927.93,30.5,,Out of Stock,3.9,3403
2023-09-04,Flipkart,iPhone,iPhone 14 128GB,New,799,7430.70,798.01,7421.49,0.1,,In Stock,4.8,878
28/11/2024,Flipkart,Mac,MacBook Air M2 256GB,Renewed/Refurbished,1199,11150.70,659.32,6131.68,45.0,Black Friday,Low Stock,3.9,4578
2022-12-05,FLIPKART,Watch,Apple Watch Ultra, New,799,7430.70,800.03,7440.28,-0.1,,In Stock,4.2,310
Feb 08 2026,amazon,Mac,MacBook Pro 14-inch M4 Pro 512GB, New,1999,18590.70,1868.94,17381.14,6.5,,In Stock,4.5,1145
2024-10-05,AMAZON ,Watch,Apple Watch Series 8 (45mm),New,429,3989.70,216.25,2011.13,49.6,Great Indian Festival,In Stock,4.5,2229
28/05/2024,amazon ,iPhone,iPhone 14 128GB,new,799,7430.70,706.66,6571.94,11.6,,Low Stock,4.9,1856
2026-05-29,AMAZON ,Mac,MacBook Air M1 256GB,Renewed/Refurbished,999,9290.70,428.34,3983.56,57.1,,Out of Stock,3.9,9645
2023-03-22,flipkart,iPad,iPad Pro 11-inch (M1) 128GB,new,799,7430.70,701.13,6520.51,12.2,,In Stock,4.9,2588
2024-01-30,Flipkart,Watch,Apple Watch Ultra 2,new,799,7430.70,786.73,7316.59,1.5,,Low Stock,4.9,377
2025-10-21,Amazon,iPhone,iPhone 12 Pro 128GB, New,999,9290.70,598.31,5564.28,40.1,,Out of Stock,4.8,9684
30/09/2025,amazon ,iPhone,iPhone 15 128GB,new,799,7430.70,588.32,5471.38,26.4,,In Stock,4.3,4035
2024-04-23,amazon,Watch,Apple Watch Ultra 2, New,799,7430.70,799.59,7436.19,-0.1,,Low Stock,4.9,1206
Jun 11 2026,FLIPKART,iPhone,iPhone 17 128GB,new,849,7895.70,844.29,7851.90,0.6,,Low Stock,4.3,1078
Feb 28 2021,Amazon,Watch,Apple Watch Series 6 (44mm),NEW ,429,3989.70,424.34,3946.36,1.1,,In Stock,4.8,684
Apr 13 2026,FLIPKART,iPhone,iPhone 13 128GB,New,799,7430.70,483.04,4492.27,39.5,,In Stock,4.3,7343
2025-02-05, Amazon,Watch,Apple Watch Series 9 (45mm),New,429,3989.70,330.48,3073.46,23.0,,In Stock,4.6,1191
2025-02-25,flipkart,Watch,Apple Watch Ultra 2, New,799,7430.70,696.93,6481.45,12.8,,Low Stock,4.5,1667
28/09/2025,amazon,Mac,MacBook Pro 14-inch M4 Pro 512GB,new,1999,18590.70,2035.72,18932.20,-1.7999999999999998,,In Stock,4.6,1015
22/05/2023, Flipkart ,iPhone,iPhone 12 Pro 128GB,New,999,9290.70,807.52,7509.94,19.2,,In Stock,4.5,4316
2026-01-11,amazon,Watch,Apple Watch Series X (45mm),new,429,3989.70,324.43,3017.20,24.4,,In Stock,4.8,1107
2024-08-25,flipkart,Watch,Apple Watch Series 9 (45mm),Renewed/Refurbished,429,3989.70,364.06,3385.76,15.1,,In Stock,3.9,1135
2024-05-11,Flipkart,iPhone,iPhone 12 Pro 128GB,Renewed/Refurbished,999,9290.70,547.71,5093.70,45.2,,Low Stock,4.0,2563
2026-03-12,flipkart,Watch,Apple Watch Ultra 2, New,799,7430.70,598.28,5564.00,25.1,,In Stock,4.4,3564
2023-01-02,amazon ,Watch,Apple Watch Series 8 (45mm),Renewed/Refurbished,429,3989.70,305.53,2841.43,28.8,,In Stock,4.4,387
2023-12-28, Flipkart ,iPhone,iPhone 15 Pro Max 256GB, New,1199,11150.70,1179.65,10970.75,1.6,,In Stock,4.6,536
2023-03-05,Flipkart,Watch,Apple Watch Series 6 (44mm),NEW ,429,3989.70,254.24,2364.43,40.7,,In Stock,4.3,2173
2021-12-15,AMAZON ,Watch,Apple Watch Series 7 (45mm), New,429,3989.70,427.0,3971.10,0.5,,Low Stock,4.2,222
Nov 08 2024,flipkart,iPhone,iPhone 13 128GB,New,799,7430.70,494.29,4596.90,38.1,,In Stock,4.6,6020
05/04/2026,Flipkart,iPad,iPad Air (5th Gen) 64GB,NEW ,599,5570.70,361.67,3363.53,39.6,,In Stock,4.7,4173
2025-04-15,flipkart,iPhone,iPhone 16 Pro 256GB,Renewed/Refurbished,1099,10220.70,908.71,8451.00,17.299999999999997,,In Stock,3.9,906
2026-06-27,FLIPKART,Watch,Apple Watch Series 8 (45mm),New,429,3989.70,258.52,2404.24,39.7,,In Stock,4.7,3014
2025-12-03,flipkart,iPhone,iPhone 16 128GB,Renewed/Refurbished,799,7430.70,531.79,4945.65,33.4,,In Stock,4.3,2064
2024-09-17, Amazon,Watch,Apple Watch Series 9 (45mm),New,429,3989.70,424.59,3948.69,1.0,,In Stock,4.3,744
2025-09-07, Flipkart ,Mac,MacBook Air M1 256GB,Renewed/Refurbished,999,9290.70,485.86,4518.50,51.4,,In Stock,4.1,6829
2025-07-19, Flipkart ,Mac,MacBook Air M2 256GB,NEW ,1199,11150.70,904.86,8415.20,24.5,,Out of Stock,4.5,4464
2024-11-09,amazon ,iPad,iPad Pro 12.9-inch (M2) 256GB,Renewed/Refurbished,1199,11150.70,777.16,7227.59,35.2,,Low Stock,4.5,1732
2021-08-24,amazon,Watch,Apple Watch Series 6 (44mm), New,429,3989.70,431.03,4008.58,-0.5,,Out of Stock,4.5,943
2026-01-17,AMAZON ,Watch,Apple Watch Series X (45mm), New,429,3989.70,326.4,3035.52,23.9,,In Stock,4.3,1469
2026-01-07,Flipkart,iPhone,iPhone 16 128GB,NEW ,799,7430.70,700.93,6518.65,12.3,,Low Stock,4.4,1699
2024-10-08,Amazon,iPhone,iPhone 14 Pro 128GB,NEW ,999,9290.70,568.93,5291.05,43.0,Great Indian Festival,In Stock,4.5,3551
2022-11-27,flipkart,Watch,Apple Watch Series 6 (44mm),new,429,3989.70,203.15,1889.30,52.6,Black Friday,Out of Stock,4.9,2024
2023-03-03, Amazon,iPad,iPad Pro 11-inch (M1) 128GB,Renewed/Refurbished,799,7430.70,541.83,5039.02,32.2,,In Stock,4.0,2922
2021-08-27, Flipkart ,Watch,Apple Watch Series 6 (44mm),Renewed/Refurbished,429,3989.70,355.6,3307.08,17.1,,In Stock,4.4,1248
2025-05-04,amazon ,Mac,MacBook Pro 14-inch M4 Pro 512GB,NEW ,1999,18590.70,2035.14,18926.80,-1.7999999999999998,,In Stock,4.8,314
16/10/2023,Flipkart,iPhone,iPhone 15 128GB,Renewed/Refurbished,799,7430.70,664.01,6175.29,16.900000000000002,,In Stock,3.9,154
30/07/2024,Flipkart,iPhone,iPhone 12 64GB,NEW ,799,7430.70,495.58,4608.89,38.0,,Out of Stock,4.7,4528
2025-08-19,FLIPKART,Mac,MacBook Pro 14-inch M4 Pro 512GB,New,1999,18590.70,1960.35,18231.26,1.9,,Low Stock,4.2,870
2024-08-24,flipkart,Watch,Apple Watch Series 9 (45mm),New,429,3989.70,423.71,3940.50,1.2,,Low Stock,4.6,692
2022-08-20,amazon,Watch,Apple Watch Series 6 (44mm), New,429,3989.70,330.87,3077.09,22.9,,Low Stock,4.4,2429
16/11/2024,FLIPKART,Mac,MacBook Pro 14-inch M2 Pro 512GB,New,1999,18590.70,1912.05,17782.07,4.3,,In Stock,4.6,1084
18/09/2025, Amazon,iPhone,iPhone 14 128GB,new,799,7430.70,496.26,4615.22,37.9,,Out of Stock,4.4,3087
2024-06-01,FLIPKART,Mac,MacBook Pro 14-inch M1 Pro 512GB,New,1999,18590.70,1781.33,16566.37,10.9,,In Stock,4.8,5030
2025-01-22, Amazon,iPhone,iPhone 12 64GB,Renewed/Refurbished,799,7430.70,344.21,3201.15,56.89999999999999,,Out of Stock,4.1,2623
2025-03-01, Flipkart ,iPad,iPad Air (5th Gen) 64GB,NEW ,599,5570.70,394.91,3672.66,34.1,,In Stock,4.6,4690
2024-10-21, Flipkart ,Mac,MacBook Pro 14-inch M1 Pro 512GB,new,1999,18590.70,1817.65,16904.15,9.1,,In Stock,4.7,5131
04/02/2025,flipkart,iPhone,iPhone 16 Pro 256GB,Renewed/Refurbished,1099,10220.70,907.57,8440.40,17.4,,In Stock,4.4,331
2025-08-27,AMAZON ,iPad,iPad Pro 11-inch (M1) 128GB, New,799,7430.70,477.86,4444.10,40.2,,Out of Stock,4.3,6261
2025-04-29,amazon,Mac,MacBook Pro 14-inch M4 Pro 512GB,NEW ,1999,18590.70,2028.63,18866.26,-1.5,,In Stock,4.7,909
29/05/2022,Amazon,iPad,iPad (9th Gen) 64GB,Renewed/Refurbished,329,3059.70,263.35,2449.16,20.0,,In Stock,3.8,857
2023-08-16, Flipkart ,Watch,Apple Watch Series 7 (45mm), New,429,3989.70,327.02,3041.29,23.8,,In Stock,4.5,2690
2026-03-17, Flipkart ,iPhone,iPhone 13 128GB,new,799,7430.70,482.01,4482.69,39.7,,Out of Stock,4.6,5124
2026-05-13,AMAZON ,iPhone,iPhone 16 128GB,New,799,7430.70,685.89,6378.78,14.2,,In Stock,4.2,2738
2024-04-10,Amazon,Mac,MacBook Pro 14-inch M3 Pro 512GB,New,1999,18590.70,1976.81,18384.33,1.1,,In Stock,4.8,318
2025-08-25,AMAZON ,Watch,Apple Watch Series 7 (45mm),New,429,3989.70,255.26,2373.92,40.5,,Out of Stock,4.2,5749
Jul 18 2022,Amazon,iPad,iPad Air (4th Gen) 64GB,NEW ,599,5570.70,374.78,3485.45,37.4,Prime Day,In Stock,4.4,2385
08/02/2023,amazon ,Mac,MacBook Air M2 256GB, New,1199,11150.70,1192.91,11094.06,0.5,,Low Stock,4.4,1058
19/11/2025,flipkart,Watch,Apple Watch Series X (45mm), New,429,3989.70,323.86,3011.90,24.5,,Low Stock,4.2,669
2025-06-11,Flipkart,Watch,Apple Watch Ultra 2,New,799,7430.70,688.09,6399.24,13.900000000000002,,Low Stock,4.8,2646
Nov 23 2025,Flipkart,iPhone,iPhone 17 128GB,New,849,7895.70,684.44,6365.29,19.4,Black Friday,In Stock,4.9,324
2024-10-15,AMAZON ,Mac,MacBook Air M3 256GB,NEW ,1099,10220.70,--,--,17.599999999999998,Great Indian Festival,In Stock,4.4,504
2025-12-22,amazon ,iPhone,iPhone 15 128GB,New,799,7430.70,610.0,5673.00,23.7,,In Stock,4.9,4038
2021-11-18,amazon ,iPad,iPad (9th Gen) 64GB,New,329,3059.70,332.58,3092.99,-1.1,,Low Stock,4.7,370
2021-01-26, Amazon,Mac,MacBook Air M1 256GB,Renewed/Refurbished,999,9290.70,719.59,6692.19,28.000000000000004,,Low Stock,3.9,162
2023-11-21,Flipkart,iPhone,iPhone 14 128GB,New,799,7430.70,634.72,5902.90,20.6,Black Friday,In Stock,4.7,1676
2024-06-10,FLIPKART,Mac,MacBook Air M2 256GB,New,1199,11150.70,1097.13,10203.31,8.5,,In Stock,4.8,2120
2026-02-06, Amazon,Mac,MacBook Air M2 256GB,Renewed/Refurbished,1199,11150.70,719.11,6687.72,40.0,,Low Stock,4.3,5274
2024-04-30,Flipkart,Watch,Apple Watch Series 7 (45mm), New,429,3989.70,253.55,2358.02,40.9,,In Stock,4.4,2661
2024-10-28,flipkart,iPad,iPad Air (4th Gen) 64GB,NEW ,599,5570.70,356.27,3313.31,40.5,,Low Stock,4.4,7336
2024-05-16, Flipkart ,Mac,MacBook Air M2 256GB,NEW ,1199,11150.70,1114.01,10360.29,7.1,,Low Stock,4.4,1938
05/04/2025,AMAZON ,iPhone,iPhone 16 Pro 256GB,New,1099,10220.70,1089.8,10135.14,0.8,,In Stock,4.6,465
2024-03-27, Amazon,Mac,MacBook Air M3 256GB,New,1099,10220.70,1078.29,10028.10,1.9,,In Stock,4.2,119
2022-01-04,amazon,Watch,Apple Watch Series 7 (45mm),NEW ,429,3989.70,429.46,3993.98,-0.1,,In Stock,4.8,176
2022-09-03,Flipkart,iPad,iPad Air (4th Gen) 64GB,New,599,5570.70,n/a,n/a,15.8,,In Stock,4.8,3816
Dec 05 2025,Flipkart,iPhone,iPhone 17 128GB,NEW ,849,7895.70,856.63,7966.66,-0.8999999999999999,,In Stock,4.7,415
2025-09-03,flipkart,Mac,MacBook Pro 14-inch M1 Pro 512GB,new,1999,18590.70,1712.82,15929.23,14.3,,Low Stock,4.4,5998
25/07/2025,FLIPKART,Watch,Apple Watch Series 7 (45mm),Renewed/Refurbished,429,3989.70,190.76,1774.07,55.50000000000001,,In Stock,3.8,7199
2024-07-02, Amazon,Watch,Apple Watch Series 9 (45mm),new,429,3989.70,431.75,4015.28,-0.6,,In Stock,4.5,856
2026-07-30,Amazon,iPhone,iPhone 12 64GB,Renewed/Refurbished,799,7430.70,371.23,3452.44,53.5,,Low Stock,4.1,4143
Sep 16 2021,flipkart,Mac,MacBook Air M1 256GB, New,999,9290.70,1006.68,9362.12,-0.8,,Out of Stock,4.8,591
25/09/2024, Flipkart ,iPhone,iPhone 16 Pro 256GB,New,1099,10220.70,1105.26,10278.92,-0.6,,In Stock,4.3,113
2024-06-30,Amazon,Watch,Apple Watch Ultra 2,New,799,7430.70,784.73,7297.99,1.7999999999999998,,In Stock,4.8,1169
03/11/2022,Flipkart,iPad,iPad Air (5th Gen) 64GB, New,599,5570.70,594.68,5530.52,0.7000000000000001,,In Stock,4.8,1204
2024-12-06, Flipkart ,iPad,iPad Air (5th Gen) 64GB,Renewed/Refurbished,599,5570.70,324.21,3015.15,45.9,,In Stock,4.3,4576
2026-02-23,AMAZON ,Watch,Apple Watch Ultra 2,Renewed/Refurbished,799,7430.70,504.06,4687.76,36.9,,In Stock,4.5,1581
Dec 09 2025,amazon ,Watch,Apple Watch Series 9 (45mm),new,429,3989.70,262.24,2438.83,38.9,,In Stock,4.8,2937
2025-10-31,amazon,Watch,Apple Watch Series 8 (45mm),Renewed/Refurbished,429,3989.70,185.41,1724.31,56.8,,Out of Stock,3.8,3403
2025-11-30,flipkart,Watch,Apple Watch Ultra 2,NEW ,799,7430.70,481.5,4477.95,39.7,Black Friday,In Stock,4.3,3396
2024-10-13,amazon ,iPad,iPad Pro 12.9-inch (M2) 256GB, New,1199,11150.70,907.6,8440.68,24.3,Great Indian Festival,Out of Stock,4.9,3457
2026-07-07,flipkart,iPhone,iPhone 17 128GB,NEW ,849,7895.70,855.32,7954.48,-0.7000000000000001,,Out of Stock,4.5,929
2020-12-23,AMAZON ,iPhone,iPhone 12 Pro 128GB,new,999,9290.70,1007.96,9374.03,-0.8999999999999999,,Out of Stock,4.4,267
2023-05-21,FLIPKART,iPad,iPad Pro 12.9-inch (M2) 256GB,new,1199,11150.70,1201.42,11173.21,-0.2,,In Stock,4.5,1123
2023-08-24,amazon,iPhone,iPhone 12 Pro 128GB,Renewed/Refurbished,999,9290.70,665.08,6185.24,33.4,,In Stock,4.3,3088
2024-07-17,amazon ,iPad,iPad Pro 11-inch (M4) 256GB,new,999,9290.70,887.84,8256.91,11.1,Prime Day,Low Stock,4.5,374
2024-09-21,Flipkart,Watch,Apple Watch Series X (45mm), New,429,3989.70,422.08,3925.34,1.6,,In Stock,4.9,21
2023-03-08,Amazon,iPad,iPad Air (5th Gen) 64GB,New,599,5570.70,605.66,5632.64,-1.1,,In Stock,4.2,591
Oct 20 2025,flipkart,Watch,Apple Watch Ultra 2,New,799,7430.70,596.12,5543.92,25.4,,In Stock,4.9,3027
2025-03-06,Amazon,iPhone,iPhone 16 128GB,Renewed/Refurbished,799,7430.70,596.0,5542.80,25.4,,In Stock,4.2,905
Jul 20 2024,flipkart,iPhone,iPhone 12 64GB,New,799,7430.70,500.32,4652.98,37.4,,In Stock,4.9,2799
2024-07-27, Amazon,Mac,MacBook Pro 14-inch M3 Pro 512GB,NEW ,1999,18590.70,2012.93,18720.25,-0.7000000000000001,,In Stock,4.9,1150
2025-01-09,Amazon,Watch,Apple Watch Series X (45mm),NEW ,429,3989.70,421.4,3919.02,1.7999999999999998,,In Stock,4.4,566
2026-01-03,amazon ,iPhone,iPhone 16 128GB,New,799,7430.70,691.54,6431.32,13.4,,In Stock,4.6,949
2024-12-25,FLIPKART,iPhone,iPhone 15 128GB,New,799,7430.70,686.15,6381.20,14.099999999999998,,In Stock,4.5,1842
18/07/2025,flipkart,iPhone,iPhone 16 Pro 256GB,Renewed/Refurbished,1099,10220.70,926.1,8612.73,15.7,,Low Stock,4.1,1507
2025-05-30,Flipkart,Watch,Apple Watch Series X (45mm),Renewed/Refurbished,429,3989.70,338.78,3150.65,21.0,,In Stock,4.0,765
2023-12-23, Flipkart ,Watch,Apple Watch Series 7 (45mm),Renewed/Refurbished,429,3989.70,185.79,1727.85,56.7,,In Stock,4.5,1422
2025-08-24, Flipkart ,iPhone,iPhone 13 128GB,New,799,7430.70,490.44,4561.09,38.6,,Out of Stock,4.3,6892
2025-06-08,Flipkart,iPhone,iPhone 15 Pro Max 256GB,New,1199,11150.70,1120.97,10425.02,6.5,,In Stock,4.5,1918
2023-12-16,Amazon,Watch,Apple Watch Series 6 (44mm),Renewed/Refurbished,429,3989.70,199.25,1853.03,53.6,,Out of Stock,3.9,6151
Oct 07 2025, Flipkart ,iPhone,iPhone 15 Pro Max 256GB,NEW ,1199,11150.70,728.86,6778.40,39.2,Big Billion Days,Out of Stock,4.4,2959
2025-12-26, Flipkart ,Watch,Apple Watch Series X (45mm), New,429,3989.70,327.44,3045.19,23.7,,In Stock,4.5,1760
2026-03-19, Amazon,iPhone,iPhone 16 128GB,new,799,7430.70,710.38,6606.53,11.1,,In Stock,4.7,934
2024-01-17,flipkart,Mac,MacBook Pro 14-inch M1 Pro 512GB,New,1999,18590.70,1834.45,17060.39,8.200000000000001,,In Stock,4.5,1332
2023-11-24,AMAZON ,iPhone,iPhone 15 Pro Max 256GB,New,1199,11150.70,990.1,9207.93,17.4,Black Friday,In Stock,4.6,321
2025-02-20,Flipkart,Mac,MacBook Air M3 256GB, New,1099,10220.70,1092.32,10158.58,0.6,,In Stock,4.5,1888
2023-04-01, Flipkart ,Mac,MacBook Air M1 256GB, New,999,9290.70,N/A,N/A,19.6,,In Stock,4.9,3345
2023-12-28,Amazon,iPhone,iPhone 14 Pro 128GB,New,999,9290.70,897.85,8350.01,10.1,,In Stock,4.4,1623
2024-05-21,AMAZON ,Watch,Apple Watch Series 8 (45mm),New,429,3989.70,333.85,3104.81,22.2,,Out of Stock,4.7,1629
2021-11-21,AMAZON ,iPhone,iPhone 13 Pro Max 256GB,NEW ,1199,11150.70,1014.77,9437.36,15.4,Black Friday,In Stock,4.5,234
2023-06-13, Flipkart ,Watch,Apple Watch Series 8 (45mm), New,429,3989.70,427.21,3973.05,0.4,,In Stock,4.3,689
24/10/2023,AMAZON ,iPhone,iPhone 15 128GB,Renewed/Refurbished,799,7430.70,653.76,6079.97,18.2,,In Stock,4.1,123
2022-08-22,Amazon,iPad,iPad (9th Gen) 64GB,NEW ,329,3059.70,335.57,3120.80,-2.0,,In Stock,4.5,1765
07/11/2023,Amazon,Watch,Apple Watch Series 9 (45mm),NEW ,429,3989.70,434.5,4040.85,-1.3,,Out of Stock,4.7,170
19/12/2020,flipkart,iPhone,iPhone 12 64GB, New,799,7430.70,812.7,7558.11,-1.7000000000000002,,In Stock,4.7,277
2024-10-22,Flipkart,Mac,MacBook Air M2 256GB, New,1199,11150.70,1006.88,9363.98,16.0,,Low Stock,4.6,2400
Nov 01 2022,Amazon,iPad,iPad (9th Gen) 64GB,NEW ,329,3059.70,228.6,2125.98,30.5,,In Stock,4.8,1481
2025-05-26,AMAZON ,Mac,MacBook Air M2 256GB,NEW ,1199,11150.70,998.94,9290.14,16.7,,In Stock,4.4,5780
2023-03-01, Amazon,Mac,MacBook Air M1 256GB,Renewed/Refurbished,999,9290.70,580.2,5395.86,41.9,,In Stock,4.4,1622
21/04/2026,Flipkart,Watch,Apple Watch Ultra,Renewed/Refurbished,799,7430.70,403.31,3750.78,49.5,,In Stock,4.5,7039
24/11/2025,amazon ,Mac,MacBook Pro 14-inch M4 Pro 512GB,New,1999,18590.70,1696.94,15781.54,15.1,Black Friday,In Stock,4.5,1234
2024-10-15,FLIPKART,iPhone,iPhone 16 128GB, New,799,7430.70,589.94,5486.44,26.200000000000003,Big Billion Days,In Stock,4.7,193
2025-05-27,flipkart,iPhone,iPhone 15 Pro Max 256GB,Renewed/Refurbished,1199,11150.70,788.87,7336.49,34.2,,Out of Stock,4.5,1782
10/09/2025,Amazon,Mac,MacBook Pro 14-inch M3 Pro 512GB,new,1999,18590.70,1906.47,17730.17,4.6,,In Stock,4.3,1917
Sep 28 2025,amazon ,iPhone,iPhone 16 128GB, New,799,7430.70,700.6,6515.58,12.3,,In Stock,4.7,761
2026-05-16,FLIPKART,iPhone,iPhone 16 Pro 256GB,Renewed/Refurbished,1099,10220.70,766.27,7126.31,30.3,,In Stock,4.2,926
2025-03-19,flipkart,iPhone,iPhone 15 128GB,Renewed/Refurbished,799,7430.70,518.18,4819.07,35.099999999999994,,In Stock,3.9,1836
2021-11-10,flipkart,Mac,MacBook Pro 14-inch M1 Pro 512GB, New,1999,18590.70,2005.43,18650.50,-0.3,,In Stock,4.3,72
2024-01-17,FLIPKART,iPhone,iPhone 13 Pro Max 256GB,Renewed/Refurbished,1199,11150.70,744.26,6921.62,37.9,,Out of Stock,4.0,2983
2023-08-29,FLIPKART,iPad,iPad Air (4th Gen) 64GB, New,599,5570.70,398.9,3709.77,33.4,,In Stock,4.6,3498
2020-09-29,Flipkart,Watch,Apple Watch Series 6 (44mm),Renewed/Refurbished,429,3989.70,312.11,2902.62,27.200000000000003,,In Stock,4.4,146
2024-05-17,Flipkart,Mac,MacBook Pro 14-inch M2 Pro 512GB,new,1999,18590.70,1935.51,18000.24,3.2,,In Stock,4.7,1846
01/01/2024,Flipkart,Watch,Apple Watch Series 8 (45mm),new,429,3989.70,332.86,3095.60,22.4,,In Stock,4.3,1388
2025-08-09,flipkart,iPhone,iPhone 12 Pro 128GB,NEW ,999,9290.70,607.29,5647.80,39.2,,In Stock,4.6,3131
2024-02-13,amazon ,Watch,Apple Watch Series 9 (45mm),Renewed/Refurbished,429,3989.70,328.64,3056.35,23.4,,In Stock,4.4,684
2025-03-15,amazon,Watch,Apple Watch Series X (45mm),NEW ,429,3989.70,428.12,3981.52,0.2,,Low Stock,4.9,559
19/11/2024,Flipkart,Mac,MacBook Pro 14-inch M4 Pro 512GB,NEW ,1999,18590.70,1982.03,18432.88,0.8,,In Stock,4.8,128
2023-07-04,Flipkart,iPad,iPad Air (5th Gen) 64GB,New,599,5570.70,492.54,4580.62,17.8,,In Stock,4.4,2228
2025-03-14,FLIPKART,iPad,iPad (9th Gen) 64GB,new,329,3059.70,193.71,1801.50,41.1,,Out of Stock,4.9,3386
2026-05-05,AMAZON ,Mac,MacBook Pro 14-inch M4 Pro 512GB,New,1999,18590.70,1904.78,17714.45,4.7,,In Stock,4.7,1314
2025-03-31,Amazon,Watch,Apple Watch Series 6 (44mm),Renewed/Refurbished,429,3989.70,182.89,1700.88,57.4,,In Stock,4.4,8892
2026-05-19, Amazon,Watch,Apple Watch Series 8 (45mm),NEW ,429,3989.70,255.97,2380.52,40.3,,Low Stock,4.3,6937
2025-04-17,amazon ,iPhone,iPhone 12 64GB,Renewed/Refurbished,799,7430.70,376.63,3502.66,52.900000000000006,,In Stock,4.1,5511
Nov 16 2023,Flipkart,Watch,Apple Watch Ultra, New,799,7430.70,705.34,6559.66,11.7,,In Stock,4.6,1114
2024-10-09, Amazon,iPhone,iPhone 16 Pro 256GB,Renewed/Refurbished,1099,10220.70,698.67,6497.63,36.4,Great Indian Festival,In Stock,4.2,89
2026-03-02,flipkart,Mac,MacBook Pro 14-inch M4 Pro 512GB,New,1999,18590.70,1929.94,17948.44,3.5000000000000004,,In Stock,4.6,1145
2022-03-01,amazon,Mac,MacBook Air M1 256GB, New,999,9290.70,899.2,8362.56,10.0,,Out of Stock,4.6,770
11/04/2024, Flipkart ,Mac,MacBook Pro 14-inch M1 Pro 512GB, New,1999,18590.70,1829.75,17016.68,8.5,,In Stock,4.3,3222
2026-07-01, Flipkart ,iPhone,iPhone 15 Pro Max 256GB,NEW ,1199,11150.70,991.3,9219.09,17.299999999999997,,In Stock,4.6,3802
2025-03-20,amazon,Watch,Apple Watch Ultra 2,Renewed/Refurbished,799,7430.70,553.81,5150.43,30.7,,In Stock,4.3,2685
2025-10-30,Amazon,iPhone,iPhone 15 Pro Max 256GB,New,1199,11150.70,993.96,9243.83,17.1,,In Stock,4.5,3229
2025-12-27, Flipkart ,iPhone,iPhone 16 128GB,NEW ,799,7430.70,696.08,6473.54,12.9,,In Stock,4.5,1887
Feb 23 2025,Flipkart,iPhone,iPhone 16 128GB,New,799,7430.70,804.56,7482.41,-0.7000000000000001,,In Stock,4.3,844
2025-10-27, Flipkart ,iPad,iPad Pro 11-inch (M1) 128GB,New,799,7430.70,471.79,4387.65,41.0,,Low Stock,4.6,8579
2023-10-07,amazon ,iPhone,iPhone 15 Pro Max 256GB, New,1199,11150.70,1019.49,9481.26,15.0,Great Indian Festival,In Stock,4.7,93
07/11/2025,flipkart,Mac,MacBook Air M1 256GB, New,999,9290.70,593.3,5517.69,40.6,,Out of Stock,4.9,9767
2024-09-25,AMAZON ,Watch,Apple Watch Series X (45mm), New,429,3989.70,433.7,4033.41,-1.1,,In Stock,4.4,94
2024-11-23,AMAZON ,Watch,Apple Watch Ultra 2,Renewed/Refurbished,799,7430.70,455.46,4235.78,43.0,Black Friday,In Stock,3.9,2328
2025-03-29,flipkart,iPad,iPad Air (5th Gen) 64GB,Renewed/Refurbished,599,5570.70,263.51,2450.64,56.00000000000001,,Low Stock,4.1,5543
2024-04-12,FLIPKART,iPad,iPad Pro 11-inch (M1) 128GB,new,799,7430.70,590.59,5492.49,26.1,,Low Stock,4.6,2489
2026-06-03,FLIPKART,iPhone,iPhone 17 128GB,Renewed/Refurbished,849,7895.70,695.56,6468.71,18.1,,In Stock,4.0,1145
2024-07-01,FLIPKART,Mac,MacBook Air M3 256GB,Renewed/Refurbished,1099,10220.70,866.4,8057.52,21.2,,Low Stock,4.4,513
08/03/2021,Amazon,Watch,Apple Watch Series 6 (44mm),Renewed/Refurbished,429,3989.70,356.89,3319.08,16.8,,In Stock,4.2,486
2023-03-23,amazon ,iPhone,iPhone 13 128GB,Renewed/Refurbished,799,7430.70,581.11,5404.32,27.3,,In Stock,4.3,1884
2023-07-24,Flipkart,iPad,iPad (9th Gen) 64GB,NEW ,329,3059.70,231.36,2151.65,29.7,,In Stock,4.8,3075
2026-05-01, Amazon,iPad,iPad Air (5th Gen) 64GB,new,599,5570.70,362.16,3368.09,39.5,,Low Stock,4.6,3572
2023-10-19,amazon,iPad,iPad Pro 11-inch (M1) 128GB,Renewed/Refurbished,799,7430.70,422.39,3928.23,47.1,,In Stock,4.4,2321
2023-10-17,amazon ,iPhone,iPhone 12 64GB,Renewed/Refurbished,799,7430.70,456.68,4247.12,42.8,,Out of Stock,4.3,5653
2026-06-21, Amazon,Watch,Apple Watch Series X (45mm),New,429,3989.70,333.7,3103.41,22.2,,In Stock,4.5,1957
2024-08-25,Flipkart,Watch,Apple Watch Series 9 (45mm),New,429,3989.70,420.58,3911.39,2.0,,Out of Stock,4.7,1748
2025-02-25,Flipkart,iPad,iPad Pro 11-inch (M4) 256GB,Renewed/Refurbished,999,9290.70,712.82,6629.23,28.6,,In Stock,4.1,1387
2023-04-19,amazon ,iPhone,iPhone 13 Pro Max 256GB, New,1199,11150.70,1079.09,10035.54,10.0,,In Stock,4.7,2910
2025-03-26, Flipkart ,iPad,iPad Pro 12.9-inch (M2) 256GB,new,1199,11150.70,999.51,9295.44,16.6,,In Stock,4.3,3857
2024-12-17, Amazon,iPhone,iPhone 12 Pro 128GB,Renewed/Refurbished,999,9290.70,477.0,4436.10,52.3,,Out of Stock,4.2,4480
2026-05-13,amazon ,Mac,MacBook Pro 14-inch M4 Pro 512GB,new,1999,18590.70,1902.98,17697.71,4.8,,Out of Stock,4.8,2320
2024-02-01, Flipkart ,iPhone,iPhone 15 128GB,New,799,7430.70,814.96,7579.13,-2.0,,In Stock,4.3,606
2025-07-21,Flipkart,iPhone,iPhone 16 Pro 256GB,new,1099,10220.70,1080.58,10049.39,1.7000000000000002,,In Stock,4.6,1418
2024-01-21,amazon ,iPhone,iPhone 15 Pro Max 256GB,NEW ,1199,11150.70,1202.85,11186.50,-0.3,,In Stock,4.6,623
2026-03-18,amazon ,Mac,MacBook Pro 14-inch M2 Pro 512GB,New,1999,18590.70,1686.5,15684.45,15.6,,Out of Stock,4.4,2225
2025-10-19, Flipkart ,Watch,Apple Watch Series 9 (45mm), New,429,3989.70,258.69,2405.82,39.7,,In Stock,4.2,1798
04/09/2023,AMAZON ,iPhone,iPhone 14 128GB,New,799,7430.70,786.36,7313.15,1.6,,In Stock,4.2,585
2025-08-26,amazon,iPhone,iPhone 14 128GB, New,799,7430.70,595.47,5537.87,25.5,,In Stock,4.7,4113
2023-12-16, Amazon,iPad,iPad Pro 12.9-inch (M2) 256GB,NEW ,1199,11150.70,1107.05,10295.57,7.7,,In Stock,4.6,603
2025-11-10,amazon,Watch,Apple Watch Ultra 2,new,799,7430.70,605.64,5632.45,24.2,,In Stock,4.6,3173
2024-11-30,AMAZON ,iPad,iPad Air (5th Gen) 64GB, New,599,5570.70,345.79,3215.85,42.3,Black Friday,In Stock,4.9,3749
2025-04-22,FLIPKART,Watch,Apple Watch Series X (45mm), New,429,3989.70,421.78,3922.55,1.7000000000000002,,In Stock,4.3,606
2022-11-19, Flipkart ,Watch,Apple Watch Series 8 (45mm), New,429,3989.70,436.33,4057.87,-1.7000000000000002,,Low Stock,4.7,136
2026-03-18,Amazon,iPhone,iPhone 15 128GB,New,799,7430.70,601.92,5597.86,24.7,,In Stock,4.6,3856
2024-05-01, Amazon,Watch,Apple Watch Ultra,new,799,7430.70,699.99,6509.91,12.4,,In Stock,4.2,2960
2021-06-18,amazon,iPad,iPad Pro 11-inch (M1) 128GB,New,799,7430.70,791.84,7364.11,0.8999999999999999,,Low Stock,4.3,221
Dec 01 2025,Amazon,Mac,MacBook Pro 14-inch M1 Pro 512GB,New,1999,18590.70,1584.17,14732.78,20.8,,In Stock,4.9,2816
Dec 15 2025,flipkart,iPad,iPad Pro 11-inch (M4) 256GB,Renewed/Refurbished,999,9290.70,712.88,6629.78,28.6,,In Stock,4.4,1560
2026-04-27,amazon,iPad,iPad (9th Gen) 64GB,New,329,3059.70,196.1,1823.73,40.400000000000006,,Out of Stock,4.3,5857
2025-11-14, Flipkart ,Watch,Apple Watch Ultra,new,799,7430.70,492.29,4578.30,38.4,,Out of Stock,4.2,4077
2025-08-23,FLIPKART,Mac,MacBook Pro 14-inch M3 Pro 512GB,New,1999,18590.70,1897.99,17651.31,5.1,,In Stock,4.2,1529
2023-01-14,Flipkart,Mac,MacBook Pro 14-inch M1 Pro 512GB,NEW ,1999,18590.70,1889.79,17575.05,5.5,,In Stock,4.4,674
2023-04-21,Flipkart,iPhone,iPhone 14 128GB,Renewed/Refurbished,799,7430.70,583.31,5424.78,27.0,,Low Stock,4.4,668
2022-05-19,amazon ,iPhone,iPhone 13 128GB,New,799,7430.70,813.52,7565.74,-1.7999999999999998,,In Stock,4.3,809
2024-02-07,AMAZON ,iPhone,iPhone 13 128GB,New,799,7430.70,590.0,5487.00,26.200000000000003,,In Stock,4.6,1836
06/01/2022,Flipkart,iPhone,iPhone 13 Pro Max 256GB, New,1199,11150.70,1178.42,10959.31,1.7000000000000002,,In Stock,4.7,238
07/12/2025,Flipkart,iPhone,iPhone 17 128GB,Renewed/Refurbished,849,7895.70,707.46,6579.38,16.7,,In Stock,3.8,220
20/06/2025,flipkart,iPhone,iPhone 14 Pro 128GB, New,999,9290.70,795.22,7395.55,20.4,,Out of Stock,4.4,3925
23/07/2026,amazon ,Mac,MacBook Air M2 256GB,New,1199,11150.70,812.0,7551.60,32.300000000000004,,Out of Stock,4.7,4214
2026-02-03, Flipkart ,iPhone,iPhone 13 Pro Max 256GB, New,1199,11150.70,789.84,7345.51,34.1,,Low Stock,4.3,4803
2024-05-30,Amazon,Mac,MacBook Pro 14-inch M1 Pro 512GB, New,1999,18590.70,1834.15,17057.60,8.200000000000001,,Out of Stock,4.5,1498
2025-09-16,amazon,Watch,Apple Watch Ultra 2,New,799,7430.70,706.42,6569.71,11.6,,In Stock,4.6,2982
2023-04-01, Amazon,iPad,iPad (9th Gen) 64GB, New,329,3059.70,225.79,2099.85,31.4,,In Stock,4.7,2807
2022-04-19,AMAZON ,iPhone,iPhone 12 Pro 128GB, New,999,9290.70,914.21,8502.15,8.5,,In Stock,4.8,2554
10/01/2026,Flipkart,Watch,Apple Watch Series 7 (45mm),Renewed/Refurbished,429,3989.70,--,--,54.1,,Low Stock,3.8,2777
2023-05-02,AMAZON ,iPhone,iPhone 13 128GB, New,799,7430.70,690.63,6422.86,13.6,,Low Stock,4.4,2307
2024-04-18,Flipkart,Mac,MacBook Air M3 256GB,Renewed/Refurbished,1099,10220.70,868.02,8072.59,21.0,,Out of Stock,4.0,190
2026-05-17,amazon ,iPhone,iPhone 17 128GB,NEW ,849,7895.70,847.08,7877.84,0.2,,In Stock,4.7,914
13/12/2024, Flipkart ,iPhone,iPhone 15 Pro Max 256GB,Renewed/Refurbished,1199,11150.70,807.56,7510.31,32.6,,In Stock,4.3,1073
2025-07-06,AMAZON ,Watch,Apple Watch Ultra,New,799,7430.70,608.65,5660.45,23.8,,In Stock,4.2,2435
26/10/2024,amazon,Watch,Apple Watch Ultra,new,799,7430.70,605.63,5632.36,24.2,,In Stock,4.8,3357
2021-06-27, Amazon,iPad,iPad Pro 11-inch (M1) 128GB,NEW ,799,7430.70,788.54,7333.42,1.3,,In Stock,4.2,235
Sep 07 2023, Flipkart ,iPhone,iPhone 13 128GB,Renewed/Refurbished,799,7430.70,554.97,5161.22,30.5,,In Stock,4.0,1158
2026-07-11,AMAZON ,Mac,MacBook Air M2 256GB,Renewed/Refurbished,1199,11150.70,546.54,5082.82,54.400000000000006,Prime Day,In Stock,4.3,4693
2025-09-02, Amazon,Mac,MacBook Air M3 256GB,NEW ,1099,10220.70,990.89,9215.28,9.8,,In Stock,4.5,2257
2026-05-12,amazon,Mac,MacBook Pro 14-inch M2 Pro 512GB,NEW ,1999,18590.70,1697.37,15785.54,15.1,,Out of Stock,4.2,3489
Apr 23 2024,amazon ,iPhone,iPhone 14 Pro 128GB,Renewed/Refurbished,999,9290.70,638.98,5942.51,36.0,,In Stock,4.4,2937
2024-08-23,FLIPKART,iPhone,iPhone 13 Pro Max 256GB,NEW ,1199,11150.70,994.03,9244.48,17.1,,In Stock,4.9,2063
2026-04-15,Amazon,Mac,MacBook Pro 14-inch M1 Pro 512GB,new,1999,18590.70,1615.36,15022.85,19.2,,In Stock,4.3,4397
2025-09-21,Flipkart,Watch,Apple Watch Series 7 (45mm), New,429,3989.70,261.08,2428.04,39.1,,Low Stock,4.7,7642
2021-02-10,Amazon,iPhone,iPhone 12 Pro 128GB,new,999,9290.70,992.22,9227.65,0.7000000000000001,,Low Stock,4.8,589
04/10/2025,amazon,Watch,Apple Watch Ultra,new,799,7430.70,423.99,3943.11,46.9,Great Indian Festival,Out of Stock,4.7,4849
2023-04-18, Amazon,iPad,iPad Air (4th Gen) 64GB,new,599,5570.70,402.47,3742.97,32.800000000000004,,In Stock,4.5,1755
2023-12-18, Amazon,Mac,MacBook Pro 14-inch M1 Pro 512GB,Renewed/Refurbished,1999,18590.70,1343.66,12496.04,32.800000000000004,,In Stock,4.1,1505
2025-05-08,flipkart,iPad,iPad Pro 12.9-inch (M2) 256GB,new,1199,11150.70,1015.62,9445.27,15.3,,In Stock,4.9,3012
2025-11-06,amazon ,Mac,MacBook Pro 14-inch M1 Pro 512GB,Renewed/Refurbished,1999,18590.70,1240.19,11533.77,38.0,,In Stock,4.4,2173
2024-03-08,flipkart,Mac,MacBook Air M3 256GB,new,1099,10220.70,1098.94,10220.14,0.0,,Low Stock,4.5,89
08/01/2025, Flipkart ,Mac,MacBook Air M3 256GB,NEW ,1099,10220.70,1090.72,10143.70,0.8,,In Stock,4.8,1591
2024-12-24,amazon ,Mac,MacBook Pro 14-inch M2 Pro 512GB, New,1999,18590.70,1916.67,17825.03,4.1000000000000005,,In Stock,4.8,2809
2025-01-03,Flipkart,iPad,iPad Pro 11-inch (M4) 256GB,NEW ,999,9290.70,995.41,9257.31,0.4,,Out of Stock,4.7,615
2026-02-13,amazon ,iPhone,iPhone 17 128GB,new,849,7895.70,850.41,7908.81,-0.2,,Low Stock,4.4,289
2024-08-07,flipkart,iPad,iPad Air (5th Gen) 64GB,new,599,5570.70,400.54,3725.02,33.1,,In Stock,4.8,1923
2025-03-23, Amazon,iPhone,iPhone 15 128GB,Renewed/Refurbished,799,7430.70,563.8,5243.34,29.4,,Low Stock,3.9,2776
2023-04-26, Flipkart ,Mac,MacBook Pro 14-inch M2 Pro 512GB, New,1999,18590.70,1964.93,18273.85,1.7000000000000002,,In Stock,4.5,330
2022-01-02,Flipkart,Watch,Apple Watch Series 6 (44mm),Renewed/Refurbished,429,3989.70,276.34,2569.96,35.6,,In Stock,3.9,2578
2022-03-20,Amazon,Mac,MacBook Air M1 256GB, New,999,9290.70,907.82,8442.73,9.1,,In Stock,4.6,964
2026-06-11,amazon ,iPad,iPad Pro 11-inch (M1) 128GB,NEW ,799,7430.70,484.49,4505.76,39.4,,Out of Stock,4.3,2669
2024-11-06,FLIPKART,iPhone,iPhone 13 128GB,new,799,7430.70,503.39,4681.53,37.0,,Low Stock,4.2,5974
2024-01-28,AMAZON ,iPad,iPad Air (5th Gen) 64GB, New,599,5570.70,499.99,4649.91,16.5,,In Stock,4.8,3477
2025-11-04,Amazon,iPad,iPad Pro 11-inch (M4) 256GB, New,999,9290.70,882.29,8205.30,11.7,,Low Stock,4.8,2612
2023-05-02, Flipkart ,iPad,iPad Pro 11-inch (M1) 128GB,Renewed/Refurbished,799,7430.70,563.06,5236.46,29.5,,In Stock,4.5,2599
2025-02-12,Flipkart,Watch,Apple Watch Series 8 (45mm),Renewed/Refurbished,429,3989.70,193.26,1797.32,54.900000000000006,,In Stock,4.0,3240
2025-09-04,Amazon,iPhone,iPhone 15 Pro Max 256GB,Renewed/Refurbished,1199,11150.70,932.94,8676.34,22.2,,Low Stock,4.0,3336
2024-10-06, Amazon,Mac,MacBook Pro 14-inch M1 Pro 512GB,Renewed/Refurbished,1999,18590.70,1139.2,10594.56,43.0,Great Indian Festival,In Stock,4.2,5184
Apr 07 2026,Flipkart,iPad,iPad (9th Gen) 64GB,Renewed/Refurbished,329,3059.70,170.63,1586.86,48.1,,Out of Stock,3.8,4844
Nov 01 2025,Flipkart,iPad,iPad Air (5th Gen) 64GB,Renewed/Refurbished,599,5570.70,305.66,2842.64,49.0,,In Stock,4.2,5491
2026-04-16, Flipkart ,iPhone,iPhone 17 128GB,New,849,7895.70,832.28,7740.20,2.0,,In Stock,4.6,1097
2024-09-27, Flipkart ,iPhone,iPhone 16 128GB, New,799,7430.70,784.87,7299.29,1.7999999999999998,,In Stock,4.9,54
2022-04-05, Flipkart ,iPad,iPad Pro 11-inch (M1) 128GB,new,799,7430.70,807.83,7512.82,-1.1,,In Stock,4.8,1325
2024-05-01,FLIPKART,iPad,iPad Pro 11-inch (M1) 128GB, New,799,7430.70,610.74,5679.88,23.6,,In Stock,4.7,3999
2021-04-25, Amazon,Mac,MacBook Air M1 256GB,new,999,9290.70,1007.88,9373.28,-0.8999999999999999,,In Stock,4.7,390
2025-02-14,Flipkart,iPhone,iPhone 13 128GB, New,799,7430.70,492.48,4580.06,38.4,,Low Stock,4.3,3179
2026-05-31,amazon ,iPad,iPad Pro 11-inch (M4) 256GB,New,999,9290.70,790.35,7350.26,20.9,,In Stock,4.7,3085
Jun 07 2024, Flipkart ,Watch,Apple Watch Ultra 2,Renewed/Refurbished,799,7430.70,649.66,6041.84,18.7,,In Stock,4.0,711
Apr 08 2023, Amazon,iPhone,iPhone 13 Pro Max 256GB,NEW ,1199,11150.70,1105.66,10282.64,7.8,,In Stock,4.8,1055
2024-08-17,FLIPKART,iPhone,iPhone 15 128GB, New,799,7430.70,813.3,7563.69,-1.7999999999999998,,Out of Stock,4.6,1099
2024-05-12,Flipkart,iPad,iPad Air (5th Gen) 64GB,Renewed/Refurbished,599,5570.70,333.55,3102.02,44.3,,Out of Stock,4.3,3151
26/05/2025, Flipkart ,Mac,MacBook Air M2 256GB,New,1199,11150.70,1017.99,9467.31,15.1,,Out of Stock,4.6,3886
2022-11-15,amazon ,iPad,iPad Air (5th Gen) 64GB,Renewed/Refurbished,599,5570.70,417.1,3879.03,30.4,,In Stock,4.3,816
2025-09-29,AMAZON ,iPhone,iPhone 17 128GB, New,849,7895.70,857.8,7977.54,-1.0,,In Stock,4.6,140
2021-12-28,amazon ,iPad,iPad Air (4th Gen) 64GB,new,599,5570.70,502.78,4675.85,16.1,,In Stock,4.6,1838
2026-01-18,amazon,iPhone,iPhone 16 128GB, New,799,7430.70,701.03,6519.58,12.3,,Out of Stock,4.4,2219
2025-08-03, Flipkart ,iPhone,iPhone 15 Pro Max 256GB,Renewed/Refurbished,1199,11150.70,--,--,26.5,,In Stock,4.0,3415
2026-07-29,flipkart,iPhone,iPhone 13 128GB, New,799,7430.70,485.05,4510.97,39.3,,In Stock,4.3,4872
02/05/2026,Amazon,iPad,iPad Air (5th Gen) 64GB,new,599,5570.70,354.7,3298.71,40.8,,In Stock,4.7,2213
2023-02-13,AMAZON ,iPad,iPad Pro 11-inch (M1) 128GB, New,799,7430.70,697.78,6489.35,12.7,,Low Stock,4.8,1035
2025-03-05,Flipkart,Mac,MacBook Pro 14-inch M1 Pro 512GB,NEW ,1999,18590.70,1725.57,16047.80,13.7,,In Stock,4.7,6187
2026-07-14,Amazon,Watch,Apple Watch Series 6 (44mm),Renewed/Refurbished,429,3989.70,158.78,1476.65,63.0,Prime Day,Out of Stock,4.1,11053
2021-11-08,Flipkart,iPad,iPad Air (4th Gen) 64GB, New,599,5570.70,489.8,4555.14,18.2,,Out of Stock,4.5,1953
2025-01-15, Amazon,Watch,Apple Watch Series X (45mm),NEW ,429,3989.70,432.31,4020.48,-0.8,,Out of Stock,4.8,364
2025-07-29,amazon,Mac,MacBook Pro 14-inch M2 Pro 512GB,Renewed/Refurbished,1999,18590.70,1339.41,12456.51,33.0,,In Stock,4.4,3335
2023-03-17,FLIPKART,iPad,iPad Air (5th Gen) 64GB,NEW ,599,5570.70,603.25,5610.23,-0.7000000000000001,,Low Stock,4.4,1630
2025-02-11, Flipkart ,Mac,MacBook Pro 14-inch M1 Pro 512GB,Renewed/Refurbished,1999,18590.70,1230.71,11445.60,38.4,,In Stock,4.1,4573
23/01/2025,Flipkart,iPad,iPad Pro 11-inch (M4) 256GB,New,999,9290.70,979.97,9113.72,1.9,,In Stock,4.8,856
2022-08-07,FLIPKART,Watch,Apple Watch Series 6 (44mm),new,429,3989.70,326.86,3039.80,23.8,,In Stock,4.8,2045
May 19 2026,AMAZON ,iPhone,iPhone 16 Pro 256GB,Renewed/Refurbished,1099,10220.70,778.4,7239.12,29.2,,In Stock,4.4,3080
2025-02-01,amazon ,iPhone,iPhone 13 128GB,new,799,7430.70,508.51,4729.14,36.4,,Out of Stock,4.5,4004
2021-10-19,amazon,iPhone,iPhone 13 Pro Max 256GB,Renewed/Refurbished,1199,11150.70,855.59,7956.99,28.6,,In Stock,4.0,191
2026-03-13,amazon,iPhone,iPhone 14 Pro 128GB,New,999,9290.70,694.1,6455.13,30.5,,In Stock,4.3,6265
2023-09-17,FLIPKART,Watch,Apple Watch Series 7 (45mm),New,429,3989.70,334.99,3115.41,21.9,,In Stock,4.4,3740
2025-12-04, Amazon,Watch,Apple Watch Ultra,NEW ,799,7430.70,--,--,38.3,,Out of Stock,4.5,6276
Nov 29 2023, Amazon,iPhone,iPhone 14 Pro 128GB,NEW ,999,9290.70,810.3,7535.79,18.9,Black Friday,Low Stock,4.5,1949
2024-09-21,flipkart,Watch,Apple Watch Series X (45mm),new,429,3989.70,420.75,3912.98,1.9,,In Stock,4.3,21
2023-10-08,Flipkart,Watch,Apple Watch Ultra 2,New,799,7430.70,688.05,6398.86,13.900000000000002,Big Billion Days,Out of Stock,4.4,123
2023-09-07,amazon,Mac,MacBook Pro 14-inch M1 Pro 512GB,Renewed/Refurbished,1999,18590.70,1528.79,14217.75,23.5,,In Stock,3.9,2040
2026-02-21,Amazon,iPhone,iPhone 12 64GB,NEW ,799,7430.70,488.22,4540.45,38.9,,Low Stock,4.3,8359
2026-03-25, Flipkart ,iPhone,iPhone 16 128GB,Renewed/Refurbished,799,7430.70,526.18,4893.47,34.1,,In Stock,4.0,2399
2026-06-04,FLIPKART,iPhone,iPhone 16 128GB,Renewed/Refurbished,799,7430.70,595.08,5534.24,25.5,,In Stock,4.4,2221
2023-12-14,AMAZON ,Mac,MacBook Pro 14-inch M3 Pro 512GB,new,1999,18590.70,2006.68,18662.12,-0.4,,In Stock,4.8,294
Jun 02 2023,flipkart,iPad,iPad (9th Gen) 64GB,New,329,3059.70,228.72,2127.10,30.5,,Out of Stock,4.5,2844
2024-01-11,FLIPKART,Mac,MacBook Pro 14-inch M2 Pro 512GB,new,1999,18590.70,1990.29,18509.70,0.4,,Out of Stock,4.6,756
2023-10-19,flipkart,Mac,MacBook Pro 14-inch M1 Pro 512GB,Renewed/Refurbished,1999,18590.70,1384.57,12876.50,30.7,,In Stock,3.8,3939
2026-04-08,Flipkart,Watch,Apple Watch Series X (45mm),Renewed/Refurbished,429,3989.70,--,--,38.7,,In Stock,4.2,888
2025-04-02,flipkart,Mac,MacBook Air M3 256GB,Renewed/Refurbished,1099,10220.70,827.3,7693.89,24.7,,In Stock,4.0,1013
2026-04-25,flipkart,iPhone,iPhone 16 128GB,new,799,7430.70,--,--,12.8,,In Stock,4.5,1939
Jan 20 2024,amazon ,iPhone,iPhone 12 Pro 128GB,new,999,9290.70,693.81,6452.43,30.5,,Low Stock,4.8,6145
2022-05-07, Amazon,iPhone,iPhone 13 128GB,Renewed/Refurbished,799,7430.70,591.51,5501.04,26.0,,In Stock,4.5,738
2024-09-05,Amazon,iPad,iPad Pro 12.9-inch (M2) 256GB,new,1199,11150.70,1119.8,10414.14,6.6000000000000005,,In Stock,4.5,1558
2025-12-15,AMAZON ,iPhone,iPhone 17 128GB,NEW ,849,7895.70,849.68,7902.02,-0.1,,In Stock,4.4,287
2024-01-07, Flipkart ,Watch,Apple Watch Series 8 (45mm),Renewed/Refurbished,429,3989.70,277.5,2580.75,35.3,,Low Stock,4.4,2570
2023-03-22, Amazon,iPad,iPad Pro 11-inch (M1) 128GB,NEW ,799,7430.70,711.96,6621.23,10.9,,Low Stock,4.5,3671
2021-09-26,amazon ,iPhone,iPhone 12 Pro 128GB, New,999,9290.70,988.66,9194.54,1.0,,In Stock,4.6,1261
2025-08-22,Flipkart,Mac,MacBook Pro 14-inch M1 Pro 512GB,New,1999,18590.70,1726.8,16059.24,13.6,,Out of Stock,4.4,3148
2026-07-20,amazon ,iPad,iPad Pro 11-inch (M1) 128GB,New,799,7430.70,470.98,4380.11,41.1,,Low Stock,4.6,6160
13/07/2026,flipkart,iPhone,iPhone 14 128GB,Renewed/Refurbished,799,7430.70,409.99,3812.91,48.7,,Low Stock,4.3,7201
2025-07-31,flipkart,iPad,iPad Pro 11-inch (M4) 256GB,Renewed/Refurbished,999,9290.70,659.87,6136.79,33.900000000000006,,Out of Stock,4.5,1038
23/03/2025,amazon,Watch,Apple Watch Series 7 (45mm),NEW ,429,3989.70,257.99,2399.31,39.900000000000006,,Low Stock,4.4,1910
2025-10-11,AMAZON ,Watch,Apple Watch Series 8 (45mm),NEW ,429,3989.70,227.62,2116.87,46.9,Great Indian Festival,Low Stock,4.8,3224
2022-09-19,flipkart,Mac,MacBook Air M1 256GB,new,999,9290.70,914.2,8502.06,8.5,,In Stock,4.5,3226
Mar 31 2022,AMAZON ,iPhone,iPhone 13 128GB,New,799,7430.70,812.21,7553.55,-1.7000000000000002,,In Stock,4.4,702
2024-05-13, Flipkart ,Watch,Apple Watch Series 9 (45mm),New,429,3989.70,432.26,4020.02,-0.8,,In Stock,4.9,370
2024-02-01,Flipkart,Mac,MacBook Pro 14-inch M3 Pro 512GB,New,1999,18590.70,2020.18,18787.67,-1.1,,In Stock,4.7,438
2024-05-27,FLIPKART,Watch,Apple Watch Ultra 2,Renewed/Refurbished,799,7430.70,649.61,6041.37,18.7,,Low Stock,4.0,1130
19/03/2026,FLIPKART,iPhone,iPhone 15 128GB,new,799,7430.70,--,--,25.8,,In Stock,4.5,1784
2021-12-02,flipkart,iPad,iPad Pro 11-inch (M1) 128GB,new,799,7430.70,785.73,7307.29,1.7000000000000002,,In Stock,4.5,429
2021-10-14, Flipkart ,iPhone,iPhone 12 64GB,Renewed/Refurbished,799,7430.70,390.57,3632.30,51.1,Big Billion Days,Out of Stock,4.5,838
2024-01-11,amazon,Watch,Apple Watch Series 8 (45mm),new,429,3989.70,325.26,3024.92,24.2,,In Stock,4.3,1398
2026-05-31, Amazon,Watch,Apple Watch Series X (45mm),new,429,3989.70,325.9,3030.87,24.0,,In Stock,4.6,2619
2023-03-23, Amazon,Mac,MacBook Pro 14-inch M2 Pro 512GB,New,1999,18590.70,1961.85,18245.21,1.9,,In Stock,4.5,286
2025-11-27, Amazon,Watch,Apple Watch Series X (45mm), New,429,3989.70,285.96,2659.43,33.300000000000004,Black Friday,In Stock,4.3,1855
Dec 04 2025, Flipkart ,iPad,iPad Air (4th Gen) 64GB,new,599,5570.70,352.31,3276.48,41.2,,In Stock,4.7,3086
11/05/2026,amazon ,iPhone,iPhone 14 Pro 128GB,new,999,9290.70,698.94,6500.14,30.0,,Low Stock,4.8,5137
20/03/2024,amazon,Watch,Apple Watch Series 9 (45mm),NEW ,429,3989.70,421.39,3918.93,1.7999999999999998,,In Stock,4.9,300
07/01/2026,amazon,iPhone,iPhone 12 Pro 128GB,Renewed/Refurbished,999,9290.70,417.07,3878.75,58.3,,Low Stock,4.1,5779
31/08/2022,amazon,iPad,iPad Air (4th Gen) 64GB,New,599,5570.70,490.84,4564.81,18.1,,In Stock,4.5,1065
2025-12-07,flipkart,iPhone,iPhone 15 Pro Max 256GB,Renewed/Refurbished,1199,11150.70,717.59,6673.59,40.2,,In Stock,4.1,4451
2026-06-25,AMAZON ,iPhone,iPhone 16 Pro 256GB,Renewed/Refurbished,1099,10220.70,784.69,7297.62,28.6,,In Stock,3.9,1337
2025-09-14, Flipkart ,iPhone,iPhone 12 64GB,Renewed/Refurbished,799,7430.70,373.97,3477.92,53.2,,Low Stock,4.1,6785
27/01/2025,flipkart,iPad,iPad Pro 11-inch (M4) 256GB,new,999,9290.70,1012.32,9414.58,-1.3,,In Stock,4.4,1317
2022-08-23,flipkart,Mac,MacBook Air M2 256GB,new,1199,11150.70,1191.24,11078.53,0.6,,In Stock,4.7,252
2022-02-20,Flipkart,iPhone,iPhone 13 Pro Max 256GB,new,1199,11150.70,1209.39,11247.33,-0.8999999999999999,,In Stock,4.4,563
26/03/2026,flipkart,Mac,MacBook Pro 14-inch M2 Pro 512GB, New,1999,18590.70,1687.99,15698.31,15.6,,Low Stock,4.8,3775
2026-01-16,Flipkart,Watch,Apple Watch Ultra,new,799,7430.70,497.44,4626.19,37.7,,Low Stock,4.3,3801
13/07/2025, Flipkart ,Watch,Apple Watch Series 9 (45mm), New,429,3989.70,330.54,3074.02,23.0,,In Stock,4.6,970
2025-07-28, Amazon,iPhone,iPhone 15 Pro Max 256GB,new,1199,11150.70,1087.21,10111.05,9.3,,Out of Stock,4.4,1281
Jul 25 2025,amazon ,iPhone,iPhone 14 128GB,NEW ,799,7430.70,604.7,5623.71,24.3,,Out of Stock,4.9,3133
2026-02-04, Flipkart ,iPhone,iPhone 15 Pro Max 256GB,Renewed/Refurbished,1199,11150.70,806.23,7497.94,32.800000000000004,,In Stock,4.1,2764
Apr 29 2022, Amazon,Mac,MacBook Pro 14-inch M1 Pro 512GB,new,1999,18590.70,1964.29,18267.90,1.7000000000000002,,In Stock,4.6,506
2023-11-10,Flipkart,iPhone,iPhone 15 128GB,new,799,7430.70,796.33,7405.87,0.3,,In Stock,4.7,276
2024-08-05,flipkart,Mac,MacBook Air M1 256GB,Renewed/Refurbished,999,9290.70,554.63,5158.06,44.5,,Out of Stock,4.1,4828
2024-01-24,amazon,Mac,MacBook Pro 14-inch M2 Pro 512GB,Renewed/Refurbished,1999,18590.70,1445.7,13445.01,27.700000000000003,,In Stock,4.3,1706
2025-10-07, Flipkart ,Mac,MacBook Pro 14-inch M3 Pro 512GB,NEW ,1999,18590.70,1696.36,15776.15,15.1,Big Billion Days,Out of Stock,4.8,2976
2024-04-26,Flipkart,iPhone,iPhone 15 128GB, New,799,7430.70,784.04,7291.57,1.9,,In Stock,4.2,1170
2023-03-31,Amazon,iPhone,iPhone 13 Pro Max 256GB,NEW ,1199,11150.70,1095.76,10190.57,8.6,,In Stock,4.2,2919
2024-01-06,Flipkart,Watch,Apple Watch Series 9 (45mm),Renewed/Refurbished,429,3989.70,307.64,2861.05,28.3,,Out of Stock,4.2,409
2025-10-28,amazon ,iPhone,iPhone 17 128GB,NEW ,849,7895.70,842.73,7837.39,0.7000000000000001,,In Stock,4.8,233
2026-06-18, Flipkart ,Watch,Apple Watch Series X (45mm),Renewed/Refurbished,429,3989.70,262.17,2438.18,38.9,,In Stock,4.4,2329
2022-07-25,FLIPKART,iPad,iPad Pro 11-inch (M1) 128GB,Renewed/Refurbished,799,7430.70,552.0,5133.60,30.9,,In Stock,3.9,2279
2024-07-23,AMAZON ,iPad,iPad Air (5th Gen) 64GB,new,599,5570.70,403.31,3750.78,32.7,,In Stock,4.7,1989
2025-03-29,flipkart,iPad,iPad Pro 11-inch (M1) 128GB, New,799,7430.70,494.45,4598.39,38.1,,In Stock,4.3,5467
Sep 27 2022,Flipkart,Mac,MacBook Pro 14-inch M1 Pro 512GB, New,1999,18590.70,1990.26,18509.42,0.4,,In Stock,4.7,1504
2025-10-07,FLIPKART,Watch,Apple Watch Series 9 (45mm),new,429,3989.70,198.44,1845.49,53.7,Big Billion Days,In Stock,4.3,2826
2025-02-23,FLIPKART,Watch,Apple Watch Series 9 (45mm),NEW ,429,3989.70,333.61,3102.57,22.2,,In Stock,4.7,767
16/12/2025, Flipkart ,Mac,MacBook Pro 14-inch M4 Pro 512GB,Renewed/Refurbished,1999,18590.70,1602.73,14905.39,19.8,,In Stock,4.3,1878
2022-09-19,flipkart,Mac,MacBook Pro 14-inch M1 Pro 512GB,New,1999,18590.70,2026.82,18849.43,-1.4,,In Stock,4.5,1001
27/03/2025,flipkart,iPhone,iPhone 12 Pro 128GB,NEW ,999,9290.70,590.93,5495.65,40.8,,Out of Stock,4.7,4525
2024-02-23,AMAZON ,iPhone,iPhone 14 128GB,Renewed/Refurbished,799,7430.70,533.79,4964.25,33.2,,In Stock,4.3,1435
2022-08-28, Flipkart ,iPad,iPad Air (4th Gen) 64GB,new,599,5570.70,503.3,4680.69,16.0,,In Stock,4.4,3426
Jun 22 2025, Flipkart ,iPhone,iPhone 15 128GB, New,799,7430.70,692.26,6438.02,13.4,,In Stock,4.3,1879
2024-11-25,Flipkart,iPhone,iPhone 15 128GB, New,799,7430.70,613.68,5707.22,23.200000000000003,Black Friday,Low Stock,4.7,750
2023-08-16,Flipkart,Mac,MacBook Air M2 256GB,new,1199,11150.70,1114.75,10367.18,7.000000000000001,,In Stock,4.3,1877
15/06/2025,AMAZON ,Mac,MacBook Pro 14-inch M4 Pro 512GB,NEW ,1999,18590.70,1973.91,18357.36,1.3,,In Stock,4.2,480
29/01/2024,FLIPKART,Watch,Apple Watch Series 8 (45mm),NEW ,429,3989.70,323.32,3006.88,24.6,,In Stock,4.6,1596
2024-12-30,flipkart,iPad,iPad Pro 12.9-inch (M2) 256GB, New,1199,11150.70,983.73,9148.69,18.0,,In Stock,4.2,1845
23/11/2025,Flipkart,iPhone,iPhone 16 128GB,Renewed/Refurbished,799,7430.70,447.76,4164.17,44.0,Black Friday,Low Stock,4.5,1270
2026-01-31,Amazon,iPad,iPad Pro 11-inch (M4) 256GB, New,999,9290.70,911.1,8473.23,8.799999999999999,,In Stock,4.7,3003
24/01/2025,flipkart,iPhone,iPhone 15 128GB, New,799,7430.70,692.08,6436.34,13.4,,Low Stock,4.4,1512
2025-01-14,Flipkart,iPhone,iPhone 16 Pro 256GB,NEW ,1099,10220.70,1113.21,10352.85,-1.3,,In Stock,4.6,373
2024-03-30,Amazon,iPhone,iPhone 14 128GB, New,799,7430.70,687.87,6397.19,13.900000000000002,,In Stock,4.6,1654
2026-06-14,flipkart,iPhone,iPhone 17 128GB,NEW ,849,7895.70,855.72,7958.20,-0.8,,In Stock,4.3,1458
2023-07-06,Amazon,Mac,MacBook Pro 14-inch M2 Pro 512GB,new,1999,18590.70,2033.08,18907.64,-1.7000000000000002,,In Stock,4.6,741
2024-09-27,FLIPKART,iPad,iPad Air (4th Gen) 64GB,Renewed/Refurbished,599,5570.70,290.9,2705.37,51.4,,Low Stock,4.2,2572
2024-09-25,FLIPKART,Mac,MacBook Pro 14-inch M1 Pro 512GB, New,1999,18590.70,1791.28,16658.90,10.4,,In Stock,4.8,2561
2025-08-10, Amazon,iPhone,iPhone 16 Pro 256GB,NEW ,1099,10220.70,1091.98,10155.41,0.6,,In Stock,4.5,1152
2024-01-13,FLIPKART,Watch,Apple Watch Ultra 2,New,799,7430.70,808.2,7516.26,-1.2,,In Stock,4.5,240
2024-09-04,FLIPKART,Watch,Apple Watch Ultra 2,New,799,7430.70,802.47,7462.97,-0.4,,In Stock,4.4,1279
2024-05-07,amazon,Mac,MacBook Pro 14-inch M1 Pro 512GB,new,1999,18590.70,1798.49,16725.96,10.0,,In Stock,4.6,4304
2024-10-31,Amazon,Watch,Apple Watch Series 9 (45mm),new,429,3989.70,334.25,3108.53,22.1,,Out of Stock,4.5,2207
2025-09-24, Flipkart ,iPhone,iPhone 16 128GB, New,799,7430.70,690.57,6422.30,13.6,,In Stock,4.5,772
2025-11-01, Amazon,iPhone,iPhone 13 Pro Max 256GB,NEW ,1199,11150.70,814.77,7577.36,32.0,,Out of Stock,4.4,5289
2026-04-08,amazon ,Mac,MacBook Pro 14-inch M4 Pro 512GB,new,1999,18590.70,1915.07,17810.15,4.2,,Out of Stock,4.6,855
2026-05-06,AMAZON ,Watch,Apple Watch Ultra,NEW ,799,7430.70,499.68,4647.02,37.5,,Out of Stock,4.8,6106
2025-03-27,Amazon,iPad,iPad (9th Gen) 64GB,Renewed/Refurbished,329,3059.70,153.1,1423.83,53.5,,Out of Stock,3.9,1984
2023-08-16,Flipkart,Mac,MacBook Pro 14-inch M1 Pro 512GB,NEW ,1999,18590.70,1910.62,17768.77,4.4,,In Stock,4.7,2152
2024-03-12,AMAZON ,Mac,MacBook Air M1 256GB, New,999,9290.70,704.27,6549.71,29.5,,Low Stock,4.2,3868
2024-10-31, Amazon,Watch,Apple Watch Ultra,Renewed/Refurbished,799,7430.70,469.06,4362.26,41.3,,In Stock,4.4,1146
2021-12-20,amazon,Mac,MacBook Air M1 256GB,New,999,9290.70,890.13,8278.21,10.9,,In Stock,4.4,952
2024-04-07,amazon ,Watch,Apple Watch Ultra 2, New,799,7430.70,793.84,7382.71,0.6,,Low Stock,4.5,363
2026-04-05,Amazon,iPhone,iPhone 15 Pro Max 256GB,NEW ,1199,11150.70,1002.97,9327.62,16.3,,In Stock,4.4,1605
2025-07-31,amazon ,Mac,MacBook Pro 14-inch M3 Pro 512GB,Renewed/Refurbished,1999,18590.70,1472.05,13690.07,26.4,,Out of Stock,3.9,2299
2025-02-22, Flipkart ,Mac,MacBook Air M1 256GB,Renewed/Refurbished,999,9290.70,457.49,4254.66,54.2,,Out of Stock,4.2,5463
2026-06-01,FLIPKART,iPhone,iPhone 17 128GB,New,849,7895.70,837.39,7787.73,1.4,,Low Stock,4.5,831
2023-04-30, Flipkart ,Mac,MacBook Pro 14-inch M1 Pro 512GB,NEW ,1999,18590.70,1876.44,17450.89,6.1,,In Stock,4.7,2632
Apr 12 2026,Flipkart,Watch,Apple Watch Series X (45mm),new,429,3989.70,327.67,3047.33,23.6,,In Stock,4.8,1028
2024-03-10,FLIPKART,iPad,iPad Pro 12.9-inch (M2) 256GB,Renewed/Refurbished,1199,11150.70,933.05,8677.36,22.2,,In Stock,4.5,2826
2026-06-20,amazon ,Mac,MacBook Pro 14-inch M1 Pro 512GB,new,1999,18590.70,1582.77,14719.76,20.8,,Low Stock,4.2,2526
2023-09-24, Amazon,Mac,MacBook Pro 14-inch M2 Pro 512GB,Renewed/Refurbished,1999,18590.70,1393.44,12958.99,30.3,,Low Stock,4.1,498
2024-10-19,Amazon,iPhone,iPhone 16 128GB,New,799,7430.70,789.57,7343.00,1.2,,In Stock,4.4,107
2025-03-09,Amazon,iPhone,iPhone 15 128GB,new,799,7430.70,695.11,6464.52,13.0,,In Stock,4.7,1005
2025-02-23,FLIPKART,iPhone,iPhone 14 Pro 128GB,NEW ,999,9290.70,801.23,7451.44,19.8,,In Stock,4.4,4323
2023-08-30,FLIPKART,Watch,Apple Watch Ultra,Renewed/Refurbished,799,7430.70,566.02,5263.99,29.2,,In Stock,3.9,1703
Jan 11 2022,FLIPKART,Watch,Apple Watch Series 6 (44mm),New,429,3989.70,332.34,3090.76,22.5,,Out of Stock,4.8,1782
09/01/2021,AMAZON ,Watch,Apple Watch Series 6 (44mm),New,429,3989.70,424.71,3949.80,1.0,,In Stock,4.8,199
2024-04-07,FLIPKART,iPad,iPad Pro 12.9-inch (M2) 256GB,New,1199,11150.70,1094.88,10182.38,8.7,,Out of Stock,4.4,886
2025-10-27,AMAZON ,iPhone,iPhone 16 128GB,Renewed/Refurbished,799,7430.70,492.57,4580.90,38.4,,Out of Stock,4.5,1607
2024-10-10,Amazon,Watch,Apple Watch Ultra 2,Renewed/Refurbished,799,7430.70,518.92,4825.96,35.099999999999994,Great Indian Festival,In Stock,4.3,1183
2025-10-11,AMAZON ,iPad,iPad Air (5th Gen) 64GB,Renewed/Refurbished,599,5570.70,218.85,2035.31,63.5,Great Indian Festival,In Stock,4.0,4808
Apr 02 2023,Amazon,iPhone,iPhone 13 Pro Max 256GB,NEW ,1199,11150.70,1085.04,10090.87,9.5,,In Stock,4.8,1874
16/11/2023,AMAZON ,iPhone,iPhone 15 128GB,NEW ,799,7430.70,786.67,7316.03,1.5,,Out of Stock,4.3,218
16/05/2024,amazon,Mac,MacBook Pro 14-inch M2 Pro 512GB,New,1999,18590.70,1903.11,17698.92,4.8,,In Stock,4.7,2426
Jul 05 2022,AMAZON ,iPad,iPad (9th Gen) 64GB,new,329,3059.70,328.58,3055.79,0.1,,In Stock,4.3,1271
2025-04-10, Amazon,Mac,MacBook Pro 14-inch M4 Pro 512GB,Renewed/Refurbished,1999,18590.70,1399.25,13013.03,30.0,,In Stock,4.0,753
26/05/2026,amazon,iPhone,iPhone 16 128GB, New,799,7430.70,703.13,6539.11,12.0,,In Stock,4.9,1167
2021-08-17,flipkart,iPad,iPad Pro 11-inch (M1) 128GB,Renewed/Refurbished,799,7430.70,588.67,5474.63,26.3,,In Stock,4.0,385
2025-11-01,Flipkart,iPhone,iPhone 16 Pro 256GB,Renewed/Refurbished,1099,10220.70,766.87,7131.89,30.2,,In Stock,4.2,887
2022-07-21,Flipkart,iPhone,iPhone 13 Pro Max 256GB, New,1199,11150.70,1208.35,11237.66,-0.8,,Out of Stock,4.2,1425
2026-02-15,flipkart,iPhone,iPhone 13 128GB,new,799,7430.70,471.58,4385.69,41.0,,Low Stock,4.8,3946
2026-03-13,Flipkart,Mac,MacBook Pro 14-inch M4 Pro 512GB,NEW ,1999,18590.70,1874.34,17431.36,6.2,,In Stock,4.7,2184
2022-11-02,AMAZON ,iPad,iPad Air (5th Gen) 64GB,Renewed/Refurbished,599,5570.70,467.92,4351.66,21.9,,In Stock,4.3,1260
18/08/2022, Amazon,iPad,iPad Air (5th Gen) 64GB,NEW ,599,5570.70,600.09,5580.84,-0.2,,In Stock,4.8,772
2026-07-31,amazon ,iPhone,iPhone 15 128GB,Renewed/Refurbished,799,7430.70,449.58,4181.09,43.7,,In Stock,4.2,4641
2022-10-23,flipkart,iPhone,iPhone 13 Pro Max 256GB,new,1199,11150.70,1078.89,10033.68,10.0,,In Stock,4.9,1169
2021-12-14,Flipkart,Watch,Apple Watch Series 7 (45mm),new,429,3989.70,423.71,3940.50,1.2,,In Stock,4.7,156
2024-11-29,Flipkart,Mac,MacBook Pro 14-inch M3 Pro 512GB,Renewed/Refurbished,1999,18590.70,1290.98,12006.11,35.4,Black Friday,In Stock,4.1,1882
2025-07-06,Flipkart,iPhone,iPhone 16 Pro 256GB,NEW ,1099,10220.70,1079.99,10043.91,1.7000000000000002,,In Stock,4.8,994
2022-06-27,amazon ,iPad,iPad Air (5th Gen) 64GB,NEW ,599,5570.70,603.96,5616.83,-0.8,,In Stock,4.4,241
11/10/2023,FLIPKART,Watch,Apple Watch Series 7 (45mm),New,429,3989.70,N/A,N/A,36.8,Big Billion Days,In Stock,4.5,3008
2026-07-25,amazon ,Mac,MacBook Air M3 256GB,new,1099,10220.70,894.82,8321.83,18.6,,In Stock,4.8,3473
2024-10-12,Flipkart,Mac,MacBook Pro 14-inch M3 Pro 512GB,New,1999,18590.70,1512.14,14062.90,24.4,Big Billion Days,Low Stock,4.7,1813
31/01/2025,AMAZON ,iPhone,iPhone 15 Pro Max 256GB, New,1199,11150.70,1110.86,10331.00,7.399999999999999,,In Stock,4.8,2516
2025-12-08,FLIPKART,iPad,iPad Pro 11-inch (M4) 256GB,New,999,9290.70,895.63,8329.36,10.3,,In Stock,4.6,1026
2026-06-23,flipkart,iPhone,iPhone 17 128GB,Renewed/Refurbished,849,7895.70,584.64,5437.15,31.1,,In Stock,4.5,1480
2024-09-12,amazon,Watch,Apple Watch Series 6 (44mm),Renewed/Refurbished,429,3989.70,195.56,1818.71,54.400000000000006,,Out of Stock,4.2,2834
2024-09-15,FLIPKART,iPad,iPad Pro 11-inch (M4) 256GB,new,999,9290.70,1008.49,9378.96,-0.8999999999999999,,In Stock,4.5,263
2022-06-25,amazon,Watch,Apple Watch Series 6 (44mm),NEW ,429,3989.70,325.78,3029.75,24.1,,In Stock,4.5,1013
2025-03-27,amazon ,Watch,Apple Watch Series 9 (45mm),NEW ,429,3989.70,333.47,3101.27,22.3,,In Stock,4.6,2894
2024-10-01,flipkart,Mac,MacBook Air M2 256GB,Renewed/Refurbished,1199,11150.70,735.0,6835.50,38.7,Big Billion Days,Out of Stock,4.3,3950
2024-11-01,Flipkart,iPhone,iPhone 14 Pro 128GB,NEW ,999,9290.70,798.81,7428.93,20.0,,In Stock,4.3,1788
2024-11-06,Flipkart,iPad,iPad (9th Gen) 64GB,NEW ,329,3059.70,199.29,1853.40,39.4,,Out of Stock,4.3,4122
2025-11-04, Amazon,Watch,Apple Watch Ultra,new,799,7430.70,493.66,4591.04,38.2,,Out of Stock,4.6,3771
2025-03-15, Amazon,Watch,Apple Watch Ultra,new,799,7430.70,608.23,5656.54,23.9,,In Stock,4.8,2509
2026-02-12,FLIPKART,Watch,Apple Watch Series X (45mm),NEW ,429,3989.70,328.0,3050.40,23.5,,In Stock,4.2,1711
30/03/2025,amazon ,Mac,MacBook Pro 14-inch M4 Pro 512GB,NEW ,1999,18590.70,N/A,N/A,0.4,,In Stock,4.4,738
2023-11-29,FLIPKART,Mac,MacBook Air M1 256GB,NEW ,999,9290.70,610.63,5678.86,38.9,Black Friday,Out of Stock,4.8,2876
2024-11-14, Flipkart ,iPad,iPad Pro 12.9-inch (M2) 256GB,NEW ,1199,11150.70,1007.33,9368.17,16.0,,In Stock,4.6,2856
2024-04-30,FLIPKART,iPad,iPad (9th Gen) 64GB,Renewed/Refurbished,329,3059.70,159.05,1479.17,51.7,,In Stock,3.9,1437
2023-03-21,amazon,iPad,iPad Pro 12.9-inch (M2) 256GB,Renewed/Refurbished,1199,11150.70,n/a,n/a,15.4,,In Stock,4.2,663
17/07/2022,AMAZON ,Watch,Apple Watch Series 6 (44mm),NEW ,429,3989.70,272.69,2536.02,36.4,Prime Day,Low Stock,4.6,1550
2021-05-31,Amazon,iPhone,iPhone 12 Pro 128GB, New,999,9290.70,993.1,9235.83,0.6,,In Stock,4.8,641
2026-01-18,flipkart,iPhone,iPhone 16 128GB,new,799,7430.70,687.05,6389.57,14.000000000000002,,In Stock,4.8,1534
2024-11-09,Flipkart,iPhone,iPhone 14 Pro 128GB,new,999,9290.70,810.46,7537.28,18.9,,In Stock,4.8,2380
2025-03-31,FLIPKART,Watch,Apple Watch Ultra 2,NEW ,799,7430.70,699.73,6507.49,12.4,,In Stock,4.3,2581
2022-04-25,amazon,iPhone,iPhone 12 64GB,Renewed/Refurbished,799,7430.70,486.17,4521.38,39.2,,In Stock,4.1,1949
2025-11-29,flipkart,iPhone,iPhone 16 Pro 256GB,Renewed/Refurbished,1099,10220.70,626.44,5825.89,43.0,Black Friday,Low Stock,4.1,2069
Jun 26 2025,flipkart,Watch,Apple Watch Series 9 (45mm),new,429,3989.70,324.9,3021.57,24.3,,In Stock,4.6,1244
2024-11-20,amazon ,iPad,iPad Pro 11-inch (M4) 256GB,NEW ,999,9290.70,852.39,7927.23,14.7,Black Friday,Out of Stock,4.4,575
Sep 24 2021,FLIPKART,Mac,MacBook Air M1 256GB,NEW ,999,9290.70,994.31,9247.08,0.5,,In Stock,4.8,1315
Oct 30 2025,FLIPKART,iPhone,iPhone 12 64GB,NEW ,799,7430.70,469.87,4369.79,41.2,,In Stock,4.8,3583
2025-08-25,flipkart,Watch,Apple Watch Series X (45mm),Renewed/Refurbished,429,3989.70,--,--,26.700000000000003,,In Stock,4.0,658
2024-12-21,flipkart,iPhone,iPhone 16 128GB,NEW ,799,7430.70,790.98,7356.11,1.0,,In Stock,4.3,400
May 31 2026,amazon ,iPhone,iPhone 15 128GB,new,799,7430.70,595.59,5538.99,25.5,,In Stock,4.3,3430
2026-06-24,FLIPKART,iPhone,iPhone 16 Pro 256GB,new,1099,10220.70,1013.9,9429.27,7.7,,In Stock,4.4,1119
2025-04-19,Flipkart,iPhone,iPhone 16 128GB,Renewed/Refurbished,799,7430.70,557.83,5187.82,30.2,,In Stock,4.4,776
2024-12-11,Flipkart,Mac,MacBook Air M2 256GB, New,1199,11150.70,995.04,9253.87,17.0,,In Stock,4.4,1566
2022-12-04,FLIPKART,Watch,Apple Watch Series 7 (45mm),Renewed/Refurbished,429,3989.70,272.64,2535.55,36.4,,In Stock,4.2,906
2025-06-19,amazon,iPad,iPad Pro 11-inch (M4) 256GB,NEW ,999,9290.70,894.46,8318.48,10.5,,Low Stock,4.9,1681
2024-01-15,flipkart,iPad,iPad Air (4th Gen) 64GB, New,599,5570.70,354.54,3297.22,40.8,,In Stock,4.3,5112
2023-10-23,FLIPKART,Watch,Apple Watch Ultra 2,New,799,7430.70,812.58,7556.99,-1.7000000000000002,,Out of Stock,4.6,166
2024-01-18,Flipkart,Mac,MacBook Pro 14-inch M3 Pro 512GB,new,1999,18590.70,1997.11,18573.12,0.1,,Low Stock,4.3,492
2026-05-17,FLIPKART,iPhone,iPhone 17 128GB,New,849,7895.70,834.0,7756.20,1.7999999999999998,,In Stock,4.9,1080
15/10/2025,FLIPKART,iPhone,iPhone 15 Pro Max 256GB,NEW ,1199,11150.70,634.36,5899.55,47.1,Big Billion Days,In Stock,4.5,1871
2026-05-23,flipkart,Watch,Apple Watch Series X (45mm),New,429,3989.70,331.91,3086.76,22.6,,Out of Stock,4.7,3192
2023-11-22,amazon,iPhone,iPhone 15 Pro Max 256GB,NEW ,1199,11150.70,1031.53,9593.23,14.000000000000002,Black Friday,Out of Stock,4.4,285
16/07/2024, Amazon,Watch,Apple Watch Series 9 (45mm), New,429,3989.70,388.48,3612.86,9.4,Prime Day,In Stock,4.8,1419
2022-04-01, Flipkart ,Mac,MacBook Pro 14-inch M1 Pro 512GB,NEW ,1999,18590.70,2011.13,18703.51,-0.6,,Out of Stock,4.3,833
2026-07-05,amazon,iPhone,iPhone 14 Pro 128GB, New,999,9290.70,712.71,6628.20,28.7,,In Stock,4.6,7092
2025-11-21, Amazon,iPad,iPad Pro 11-inch (M4) 256GB,new,999,9290.70,814.83,7577.92,18.4,Black Friday,In Stock,4.7,1672
Sep 11 2024,amazon,iPad,iPad Air (5th Gen) 64GB, New,599,5570.70,397.26,3694.52,33.7,,In Stock,4.8,2564
02/12/2024,Flipkart,iPhone,iPhone 12 64GB, New,799,7430.70,486.18,4521.47,39.2,,Out of Stock,4.8,3420
Mar 18 2024, Amazon,Mac,MacBook Air M3 256GB,new,1099,10220.70,1105.3,10279.29,-0.6,,In Stock,4.4,83
01/02/2026, Flipkart ,Watch,Apple Watch Ultra,NEW ,799,7430.70,508.84,4732.21,36.3,,Low Stock,4.6,2980
2025-09-26,FLIPKART,iPad,iPad Pro 12.9-inch (M2) 256GB,NEW ,1199,11150.70,989.26,9200.12,17.5,,In Stock,4.4,4445
2025-11-17, Flipkart ,iPhone,iPhone 14 128GB,Renewed/Refurbished,799,7430.70,384.08,3571.94,51.9,,In Stock,4.0,2951
2025-09-07,FLIPKART,Watch,Apple Watch Ultra 2,new,799,7430.70,699.33,6503.77,12.5,,Low Stock,4.9,1176
2021-12-16,Amazon,iPad,iPad (9th Gen) 64GB,NEW ,329,3059.70,322.87,3002.69,1.9,,In Stock,4.8,437
2023-08-11,FLIPKART,iPhone,iPhone 14 128GB, New,799,7430.70,814.83,7577.92,-2.0,,In Stock,4.9,874
2026-05-12,FLIPKART,Mac,MacBook Air M3 256GB,new,1099,10220.70,906.37,8429.24,17.5,,In Stock,4.8,2813
22/03/2025,AMAZON ,iPhone,iPhone 14 Pro 128GB,new,999,9290.70,791.15,7357.70,20.8,,Low Stock,4.3,4299
18/05/2025, Flipkart ,iPad,iPad Pro 11-inch (M4) 256GB,NEW ,999,9290.70,896.43,8336.80,10.3,,In Stock,4.6,958
2024-12-23, Flipkart ,iPhone,iPhone 16 128GB, New,799,7430.70,801.82,7456.93,-0.4,,In Stock,4.4,207
15/09/2024,AMAZON ,iPhone,iPhone 15 Pro Max 256GB, New,1199,11150.70,1198.39,11145.03,0.1,,In Stock,4.2,1589
2023-12-12,FLIPKART,iPad,iPad Pro 12.9-inch (M2) 256GB,New,1199,11150.70,1117.07,10388.75,6.800000000000001,,In Stock,4.8,1061
2025-12-17,amazon,iPad,iPad (9th Gen) 64GB,Renewed/Refurbished,329,3059.70,152.34,1416.76,53.7,,Out of Stock,4.1,7552
2024-03-28,amazon ,Mac,MacBook Pro 14-inch M3 Pro 512GB,New,1999,18590.70,2031.43,18892.30,-1.6,,Low Stock,4.2,577
2025-09-07,Amazon,Watch,Apple Watch Ultra 2,Renewed/Refurbished,799,7430.70,500.06,4650.56,37.4,,In Stock,3.8,2482
15/12/2024,amazon,iPad,iPad Pro 11-inch (M1) 128GB,Renewed/Refurbished,799,7430.70,347.41,3230.91,56.49999999999999,,Out of Stock,4.1,6552
31/01/2026, Amazon,iPhone,iPhone 16 Pro 256GB,new,1099,10220.70,1014.43,9434.20,7.7,,In Stock,4.8,1585
2024-11-07,FLIPKART,iPad,iPad Air (5th Gen) 64GB,NEW ,599,5570.70,404.26,3759.62,32.5,,In Stock,4.5,2905
2023-02-23,AMAZON ,iPhone,iPhone 13 128GB,New,799,7430.70,685.33,6373.57,14.2,,In Stock,4.4,1480
2025-11-08,flipkart,Mac,MacBook Air M3 256GB,NEW ,1099,10220.70,990.81,9214.53,9.8,,In Stock,4.3,1282
2025-12-30,FLIPKART,iPhone,iPhone 14 Pro 128GB, New,999,9290.70,711.62,6618.07,28.8,,Out of Stock,4.7,2688
2022-12-31, Amazon,Mac,MacBook Air M2 256GB,Renewed/Refurbished,1199,11150.70,869.35,8084.96,27.500000000000004,,In Stock,4.1,846
2022-04-13,flipkart,iPad,iPad Air (4th Gen) 64GB,New,599,5570.70,490.13,4558.21,18.2,,In Stock,4.3,1409
14/02/2024,FLIPKART,iPad,iPad (9th Gen) 64GB,NEW ,329,3059.70,194.97,1813.22,40.7,,In Stock,4.4,1335
2025-05-16,amazon ,iPhone,iPhone 15 128GB,NEW ,799,7430.70,690.56,6422.21,13.6,,Out of Stock,4.3,3063
03/11/2024,FLIPKART,iPhone,iPhone 14 128GB,Renewed/Refurbished,799,7430.70,462.06,4297.16,42.2,,In Stock,4.3,3048
2024-05-17,FLIPKART,Mac,MacBook Pro 14-inch M3 Pro 512GB,New,1999,18590.70,1982.38,18436.13,0.8,,In Stock,4.7,445
2023-01-08,amazon,iPhone,iPhone 12 Pro 128GB, New,999,9290.70,789.49,7342.26,21.0,,In Stock,4.5,1941
2024-10-04,FLIPKART,iPad,iPad Air (4th Gen) 64GB,NEW ,599,5570.70,312.85,2909.51,47.8,Big Billion Days,Out of Stock,4.6,4225
2024-03-21, Amazon,Watch,Apple Watch Series 9 (45mm),new,429,3989.70,427.01,3971.19,0.5,,In Stock,4.4,418
2024-04-16,amazon ,iPhone,iPhone 13 Pro Max 256GB, New,1199,11150.70,1000.45,9304.19,16.6,,In Stock,4.6,5070
2025-04-09,FLIPKART,iPad,iPad Air (4th Gen) 64GB,new,599,5570.70,356.86,3318.80,40.400000000000006,,Out of Stock,4.6,6461
2025-01-24,Amazon,Mac,MacBook Air M3 256GB,Renewed/Refurbished,1099,10220.70,767.33,7136.17,30.2,,In Stock,4.2,1671
2024-02-25,amazon,iPad,iPad (9th Gen) 64GB,Renewed/Refurbished,329,3059.70,170.95,1589.84,48.0,,Low Stock,4.1,2164
2024-03-04,flipkart,iPhone,iPhone 15 Pro Max 256GB, New,1199,11150.70,1208.59,11239.89,-0.8,,In Stock,4.5,453
Jul 19 2023,amazon,Watch,Apple Watch Series 8 (45mm), New,429,3989.70,426.15,3963.20,0.7000000000000001,,In Stock,4.3,698
2025-06-16,FLIPKART,Mac,MacBook Air M1 256GB, New,999,9290.70,601.68,5595.62,39.8,,Low Stock,4.6,7732
13/10/2022,Amazon,iPad,iPad Air (4th Gen) 64GB,Renewed/Refurbished,599,5570.70,312.74,2908.48,47.8,Great Indian Festival,In Stock,4.4,3445
2023-07-07,AMAZON ,Watch,Apple Watch Ultra,Renewed/Refurbished,799,7430.70,633.52,5891.74,20.7,,Out of Stock,4.2,1174
2025-05-19,FLIPKART,Mac,MacBook Pro 14-inch M2 Pro 512GB,Renewed/Refurbished,1999,18590.70,1479.77,13761.86,26.0,,In Stock,4.4,4594
2025-09-26,flipkart,Mac,MacBook Air M1 256GB,Renewed/Refurbished,999,9290.70,458.49,4263.96,54.1,,Out of Stock,4.3,7254
2022-01-04,amazon,Mac,MacBook Pro 14-inch M1 Pro 512GB,NEW ,1999,18590.70,1966.78,18291.05,1.6,,In Stock,4.7,371
2023-10-02,Amazon,iPhone,iPhone 14 Pro 128GB,New,999,9290.70,711.69,6618.72,28.8,Great Indian Festival,In Stock,4.7,1110
2025-10-28,Amazon,Mac,MacBook Pro 14-inch M3 Pro 512GB, New,1999,18590.70,1921.48,17869.76,3.9,,Out of Stock,4.9,3201
2025-02-23,flipkart,iPad,iPad Pro 11-inch (M4) 256GB,Renewed/Refurbished,999,9290.70,819.78,7623.95,17.9,,In Stock,4.2,733
2025-05-25, Amazon,iPhone,iPhone 14 Pro 128GB,NEW ,999,9290.70,808.47,7518.77,19.1,,In Stock,4.7,3915
2024-03-18,amazon ,iPad,iPad (9th Gen) 64GB,new,329,3059.70,193.74,1801.78,41.1,,In Stock,4.8,2360
2026-04-28,FLIPKART,Mac,MacBook Pro 14-inch M4 Pro 512GB,Renewed/Refurbished,1999,18590.70,1404.05,13057.67,29.8,,In Stock,4.1,1874
Jul 24 2025,Amazon,iPhone,iPhone 15 Pro Max 256GB,Renewed/Refurbished,1199,11150.70,818.18,7609.07,31.8,,In Stock,4.0,3741
2025-02-03,flipkart,iPhone,iPhone 16 Pro 256GB,Renewed/Refurbished,1099,10220.70,855.38,7955.03,22.2,,In Stock,4.4,272
2026-03-19, Amazon,Watch,Apple Watch Series 8 (45mm), New,429,3989.70,253.61,2358.57,40.9,,Low Stock,4.7,6636
2026-03-05, Amazon,iPhone,iPhone 15 Pro Max 256GB,NEW ,1199,11150.70,1013.38,9424.43,15.5,,In Stock,4.6,3423
2025-11-24,Flipkart,iPhone,iPhone 14 128GB,New,799,7430.70,431.93,4016.95,45.9,Black Friday,Low Stock,4.2,4050
2026-02-24,Flipkart,Mac,MacBook Pro 14-inch M1 Pro 512GB, New,1999,18590.70,1577.0,14666.10,21.1,,Low Stock,4.6,3175
28/10/2024,flipkart,Mac,MacBook Pro 14-inch M1 Pro 512GB,Renewed/Refurbished,1999,18590.70,1204.37,11200.64,39.8,,In Stock,4.5,4699
2026-07-23, Amazon,Watch,Apple Watch Series 9 (45mm),Renewed/Refurbished,429,3989.70,205.15,1907.90,52.2,,In Stock,3.9,3381
Feb 04 2024,amazon ,Watch,Apple Watch Series 9 (45mm),Renewed/Refurbished,429,3989.70,320.15,2977.39,25.4,,In Stock,4.0,447
2023-11-05, Flipkart ,Watch,Apple Watch Series 9 (45mm),new,429,3989.70,420.9,3914.37,1.9,,In Stock,4.5,281
Oct 06 2024, Amazon,Mac,MacBook Air M2 256GB,NEW ,1199,11150.70,850.16,7906.49,29.1,Great Indian Festival,In Stock,4.3,2363
19/07/2026, Amazon,iPhone,iPhone 14 128GB, New,799,7430.70,496.58,4618.19,37.9,,Low Stock,4.7,6366
2024-03-18,FLIPKART,iPhone,iPhone 15 128GB, New,799,7430.70,785.5,7305.15,1.7000000000000002,,In Stock,4.7,326
2025-09-26,FLIPKART,iPhone,iPhone 16 128GB,NEW ,799,7430.70,689.92,6416.26,13.7,,Out of Stock,4.3,1946
05/05/2024,AMAZON ,iPhone,iPhone 14 Pro 128GB,Renewed/Refurbished,999,9290.70,659.49,6133.26,34.0,,In Stock,4.2,2960
2022-04-23, Flipkart ,iPhone,iPhone 12 Pro 128GB,New,999,9290.70,897.87,8350.19,10.1,,In Stock,4.8,1473
2025-10-01, Flipkart ,iPhone,iPhone 15 Pro Max 256GB, New,1199,11150.70,691.27,6428.81,42.3,Big Billion Days,In Stock,4.9,3428
2025-03-11,FLIPKART,iPad,iPad Pro 11-inch (M1) 128GB, New,799,7430.70,493.98,4594.01,38.2,,Out of Stock,4.6,7442
Jun 29 2025,amazon,Mac,MacBook Pro 14-inch M2 Pro 512GB,Renewed/Refurbished,1999,18590.70,1427.97,13280.12,28.6,,In Stock,4.3,1314
2024-10-31,Amazon,Watch,Apple Watch Series X (45mm), New,429,3989.70,426.66,3967.94,0.5,,In Stock,4.2,249
2024-10-10,amazon,iPad,iPad Pro 11-inch (M4) 256GB,Renewed/Refurbished,999,9290.70,582.91,5421.06,41.7,Great Indian Festival,In Stock,4.1,828
2023-11-29,Amazon,iPad,iPad Air (5th Gen) 64GB,new,599,5570.70,445.76,4145.57,25.6,Black Friday,In Stock,4.4,1111
2023-10-03,flipkart,iPad,iPad Pro 11-inch (M1) 128GB,new,799,7430.70,489.43,4551.70,38.7,Big Billion Days,Out of Stock,4.7,3422
2022-10-25, Amazon,iPhone,iPhone 14 Pro 128GB,Renewed/Refurbished,999,9290.70,720.4,6699.72,27.9,,In Stock,4.4,230
Oct 20 2021,Amazon,iPad,iPad Pro 11-inch (M1) 128GB, New,799,7430.70,806.67,7502.03,-1.0,,Out of Stock,4.3,632
21/03/2023,Flipkart,iPad,iPad Pro 11-inch (M1) 128GB,New,799,7430.70,710.71,6609.60,11.0,,Low Stock,4.8,1964
2025-05-30, Amazon,Watch,Apple Watch Series X (45mm),New,429,3989.70,424.46,3947.48,1.1,,Low Stock,4.9,1290
2026-06-30,amazon ,iPad,iPad Pro 11-inch (M1) 128GB,New,799,7430.70,unknown,unknown,39.900000000000006,,Out of Stock,4.7,6910
2023-12-19,Amazon,iPhone,iPhone 12 Pro 128GB,New,999,9290.70,688.25,6400.73,31.1,,Out of Stock,4.5,3299
2022-11-09,Flipkart,Mac,MacBook Air M1 256GB,Renewed/Refurbished,999,9290.70,663.68,6172.22,33.6,,In Stock,4.4,1521
2022-10-09,Flipkart,iPhone,iPhone 12 Pro 128GB,new,999,9290.70,667.42,6207.01,33.2,Big Billion Days,In Stock,4.4,2916
2025-12-03,FLIPKART,iPhone,iPhone 17 128GB,New,849,7895.70,849.54,7900.72,-0.1,,In Stock,4.7,425
2025-07-23,amazon ,Mac,MacBook Air M3 256GB,new,1099,10220.70,987.82,9186.73,10.1,,In Stock,4.7,1566
30/04/2023,amazon,iPhone,iPhone 13 Pro Max 256GB,NEW ,1199,11150.70,1111.05,10332.77,7.3,,In Stock,4.7,3034
2025-07-17,AMAZON ,Mac,MacBook Air M2 256GB,New,1199,11150.70,686.27,6382.31,42.8,Prime Day,Out of Stock,4.5,1801
09/07/2026, Flipkart ,iPad,iPad Air (4th Gen) 64GB,Renewed/Refurbished,599,5570.70,270.18,2512.67,54.900000000000006,,Low Stock,4.0,5232
2026-02-12,Flipkart,Watch,Apple Watch Series 9 (45mm),new,429,3989.70,255.55,2376.62,40.400000000000006,,Out of Stock,4.7,4418
2023-10-13,Flipkart,Watch,Apple Watch Ultra 2,Renewed/Refurbished,799,7430.70,544.22,5061.25,31.9,Big Billion Days,In Stock,4.4,67
2026-07-29,flipkart,Watch,Apple Watch Ultra, New,799,7430.70,504.6,4692.78,36.8,,Out of Stock,4.5,7420
2026-02-10,FLIPKART,Mac,MacBook Air M2 256GB,NEW ,1199,11150.70,888.37,8261.84,25.9,,Out of Stock,4.4,3366
27/01/2026,flipkart,Watch,Apple Watch Series 9 (45mm),Renewed/Refurbished,429,3989.70,183.4,1705.62,57.2,,In Stock,4.4,1609
2025-03-05,flipkart,iPhone,iPhone 16 Pro 256GB,Renewed/Refurbished,1099,10220.70,847.03,7877.38,22.9,,In Stock,4.3,901
2026-05-04, Amazon,iPad,iPad Pro 11-inch (M4) 256GB,new,999,9290.70,889.43,8271.70,11.0,,Out of Stock,4.8,1700
2026-02-04,Flipkart,iPhone,iPhone 16 128GB,Renewed/Refurbished,799,7430.70,583.43,5425.90,27.0,,In Stock,4.4,1366
16/02/2026,Flipkart,iPhone,iPhone 15 Pro Max 256GB,NEW ,1199,11150.70,1016.27,9451.31,15.2,,In Stock,4.4,4391
06/07/2025,FLIPKART,iPhone,iPhone 16 128GB, New,799,7430.70,797.64,7418.05,0.2,,Low Stock,4.5,1080
2025-07-27,amazon,Watch,Apple Watch Series 7 (45mm), New,429,3989.70,253.13,2354.11,41.0,,In Stock,4.5,1957
2026-06-12,Flipkart,iPhone,iPhone 17 128GB,New,849,7895.70,849.7,7902.21,-0.1,,Low Stock,4.4,533
2024-07-07, Amazon,iPhone,iPhone 12 Pro 128GB,New,999,9290.70,712.05,6622.07,28.7,,Out of Stock,4.7,2361
2025-06-02,Flipkart,iPad,iPad Air (4th Gen) 64GB,NEW ,599,5570.70,355.97,3310.52,40.6,,In Stock,4.6,6968
2024-01-29, Amazon,iPad,iPad Air (4th Gen) 64GB,Renewed/Refurbished,599,5570.70,256.79,2388.15,57.1,,In Stock,4.3,5208
2025-03-07,FLIPKART,Watch,Apple Watch Ultra 2,new,799,7430.70,698.13,6492.61,12.6,,In Stock,4.3,2768
2025-12-27,Flipkart,iPad,iPad Pro 12.9-inch (M2) 256GB,New,1199,11150.70,895.13,8324.71,25.3,,Out of Stock,4.5,6301
2024-06-16,FLIPKART,Watch,Apple Watch Series 7 (45mm),New,429,3989.70,262.16,2438.09,38.9,,In Stock,4.3,4200
2026-04-18,AMAZON ,Mac,MacBook Pro 14-inch M1 Pro 512GB,new,1999,18590.70,1596.05,14843.27,20.200000000000003,,Out of Stock,4.4,5369
2026-07-28,AMAZON ,iPad,iPad Air (5th Gen) 64GB,Renewed/Refurbished,599,5570.70,271.85,2528.21,54.6,,In Stock,3.8,7136
2026-06-01,FLIPKART,Mac,MacBook Air M2 256GB,Renewed/Refurbished,1199,11150.70,684.67,6367.43,42.9,,Low Stock,4.5,3824
2025-11-30,flipkart,Mac,MacBook Pro 14-inch M1 Pro 512GB,NEW ,1999,18590.70,1461.7,13593.81,26.9,Black Friday,Low Stock,4.7,8097
2025-12-27,flipkart,iPhone,iPhone 16 128GB, New,799,7430.70,706.22,6567.85,11.6,,In Stock,4.5,2422
2025-08-24, Flipkart ,iPad,iPad Air (5th Gen) 64GB,New,599,5570.70,358.51,3334.14,40.1,,In Stock,4.6,5376
2025-05-01,flipkart,iPhone,iPhone 16 Pro 256GB,NEW ,1099,10220.70,1115.67,10375.73,-1.5,,In Stock,4.2,816
2025-01-31,amazon,iPad,iPad Pro 12.9-inch (M2) 256GB,NEW ,1199,11150.70,1008.84,9382.21,15.9,,In Stock,4.2,1648
2026-04-20, Flipkart ,iPad,iPad Pro 12.9-inch (M2) 256GB,NEW ,1199,11150.70,894.12,8315.32,25.4,,Low Stock,4.3,5290
2024-12-06, Amazon,Watch,Apple Watch Ultra 2, New,799,7430.70,693.7,6451.41,13.2,,In Stock,4.3,1947
2026-07-09,Flipkart,iPhone,iPhone 14 128GB,New,799,7430.70,506.83,4713.52,36.6,,Out of Stock,4.3,6865
2026-06-17,FLIPKART,iPhone,iPhone 16 Pro 256GB,Renewed/Refurbished,1099,10220.70,855.31,7954.38,22.2,,In Stock,4.0,1643
2026-06-09,amazon,Mac,MacBook Pro 14-inch M3 Pro 512GB,new,1999,18590.70,1782.61,16578.27,10.8,,In Stock,4.7,1371
2026-07-06, Flipkart ,iPhone,iPhone 16 Pro 256GB,Renewed/Refurbished,1099,10220.70,823.59,7659.39,25.1,,Low Stock,4.2,1480
2025-09-05,amazon,iPhone,iPhone 12 Pro 128GB,Renewed/Refurbished,999,9290.70,469.66,4367.84,53.0,,Out of Stock,3.8,9704
Jul 19 2025,Flipkart,iPad,iPad Pro 12.9-inch (M2) 256GB,new,1199,11150.70,995.1,9254.43,17.0,,In Stock,4.5,5299
2022-11-24,amazon,Watch,Apple Watch Ultra,New,799,7430.70,726.24,6754.03,9.1,Black Friday,In Stock,4.7,273
May 24 2026,AMAZON ,Watch,Apple Watch Series 8 (45mm),NEW ,429,3989.70,255.05,2371.97,40.5,,Out of Stock,4.3,2612
2023-07-23,Amazon,iPhone,iPhone 14 Pro 128GB, New,999,9290.70,1013.71,9427.50,-1.5,,In Stock,4.7,1435
Mar 31 2026, Flipkart ,iPhone,iPhone 12 64GB, New,799,7430.70,471.12,4381.42,41.0,,In Stock,4.4,5691
2023-01-06, Amazon,iPhone,iPhone 14 128GB,Renewed/Refurbished,799,7430.70,570.0,5301.00,28.7,,In Stock,4.1,523
2021-12-26,Flipkart,Mac,MacBook Air M1 256GB,Renewed/Refurbished,999,9290.70,643.61,5985.57,35.6,,Low Stock,3.9,1748
2026-02-22, Flipkart ,Mac,MacBook Air M3 256GB, New,1099,10220.70,985.64,9166.45,10.3,,Low Stock,4.2,1307
Jun 04 2025,amazon ,iPad,iPad Pro 12.9-inch (M2) 256GB,NEW ,1199,11150.70,1012.04,9411.97,15.6,,In Stock,4.7,4955
2025-03-12, Amazon,iPhone,iPhone 14 Pro 128GB,New,999,9290.70,802.47,7462.97,19.7,,In Stock,4.6,1306
2025-04-27,amazon ,Watch,Apple Watch Series 9 (45mm), New,429,3989.70,323.66,3010.04,24.6,,In Stock,4.3,1390
2026-06-01, Flipkart ,iPad,iPad Pro 11-inch (M1) 128GB,Renewed/Refurbished,799,7430.70,352.76,3280.67,55.8,,Out of Stock,4.1,8511
2025-08-20, Flipkart ,iPhone,iPhone 12 64GB,New,799,7430.70,487.77,4536.26,39.0,,Low Stock,4.6,2901
Mar 08 2023,FLIPKART,iPhone,iPhone 12 64GB,Renewed/Refurbished,799,7430.70,447.37,4160.54,44.0,,In Stock,4.4,3545
2023-06-07,amazon,iPhone,iPhone 14 128GB,Renewed/Refurbished,799,7430.70,639.16,5944.19,20.0,,In Stock,4.3,1186
2025-03-21,FLIPKART,iPhone,iPhone 16 Pro 256GB,new,1099,10220.70,1105.73,10283.29,-0.6,,In Stock,4.7,799
2024-08-11,Flipkart,Watch,Apple Watch Series 9 (45mm), New,429,3989.70,434.06,4036.76,-1.2,,In Stock,4.3,1202
Jun 02 2024,FLIPKART,iPhone,iPhone 14 Pro 128GB,new,999,9290.70,911.39,8475.93,8.799999999999999,,Out of Stock,4.5,2582
17/04/2026,AMAZON ,iPad,iPad Air (5th Gen) 64GB,new,599,5570.70,359.3,3341.49,40.0,,In Stock,4.7,3225
12/05/2023,Amazon,Watch,Apple Watch Series 6 (44mm),new,429,3989.70,256.19,2382.57,40.3,,In Stock,4.6,5207
2025-10-07,flipkart,Mac,MacBook Air M2 256GB,Renewed/Refurbished,1199,11150.70,640.92,5960.56,46.5,Big Billion Days,Low Stock,4.2,5382
2024-05-20,amazon,iPhone,iPhone 14 128GB,New,799,7430.70,697.72,6488.80,12.7,,Low Stock,4.6,1700
2025-08-28,AMAZON ,iPad,iPad Pro 11-inch (M4) 256GB,new,999,9290.70,883.04,8212.27,11.6,,In Stock,4.6,2061
2025-01-31,FLIPKART,iPad,iPad Pro 11-inch (M4) 256GB,Renewed/Refurbished,999,9290.70,786.56,7315.01,21.3,,In Stock,3.8,1290
2024-06-27,AMAZON ,Mac,MacBook Pro 14-inch M3 Pro 512GB,New,1999,18590.70,1971.75,18337.28,1.4,,In Stock,4.7,1354
2023-04-18,amazon,Mac,MacBook Air M1 256GB,new,999,9290.70,790.21,7348.95,20.9,,In Stock,4.4,1951
23/10/2024,amazon,iPhone,iPhone 16 Pro 256GB,Renewed/Refurbished,1099,10220.70,802.71,7465.20,27.0,,In Stock,4.1,156
2025-11-24,amazon ,Mac,MacBook Pro 14-inch M4 Pro 512GB, New,1999,18590.70,1602.12,14899.72,19.9,Black Friday,Low Stock,4.3,1883
2025-06-22,AMAZON ,Mac,MacBook Air M3 256GB,New,1099,10220.70,988.55,9193.51,10.1,,In Stock,4.8,823
21/07/2026, Flipkart ,iPhone,iPhone 13 128GB,new,799,7430.70,482.17,4484.18,39.7,,Low Stock,4.6,6041
2024-01-28, Flipkart ,iPad,iPad Air (4th Gen) 64GB, New,599,5570.70,360.37,3351.44,39.8,,Out of Stock,4.7,2761
2024-03-28,amazon,Mac,MacBook Pro 14-inch M3 Pro 512GB,Renewed/Refurbished,1999,18590.70,1456.06,13541.36,27.200000000000003,,In Stock,4.1,759
2026-02-02,flipkart,iPhone,iPhone 15 Pro Max 256GB,NEW ,1199,11150.70,1014.24,9432.43,15.4,,In Stock,4.4,2241
2023-07-26,AMAZON ,Watch,Apple Watch Series 8 (45mm),new,429,3989.70,429.65,3995.74,-0.2,,In Stock,4.9,857
Apr 17 2025,flipkart,iPhone,iPhone 13 128GB,Renewed/Refurbished,799,7430.70,347.1,3228.03,56.6,,Low Stock,4.1,2177
2026-01-02,Flipkart,iPhone,iPhone 17 128GB,new,849,7895.70,854.56,7947.41,-0.7000000000000001,,Low Stock,4.3,518
2026-07-02,amazon ,Watch,Apple Watch Series 6 (44mm),New,429,3989.70,252.65,2349.65,41.1,,In Stock,4.3,5813
2023-11-11, Flipkart ,iPhone,iPhone 12 Pro 128GB,Renewed/Refurbished,999,9290.70,591.3,5499.09,40.8,,Low Stock,4.2,5238
10/02/2026, Amazon,iPhone,iPhone 15 Pro Max 256GB,New,1199,11150.70,1014.05,9430.67,15.4,,In Stock,4.7,2812
2025-12-08,Amazon,iPhone,iPhone 16 Pro 256GB,NEW ,1099,10220.70,1010.07,9393.65,8.1,,In Stock,4.3,925
2025-07-20, Flipkart ,Mac,MacBook Pro 14-inch M1 Pro 512GB,NEW ,1999,18590.70,1701.1,15820.23,14.9,,In Stock,4.8,6984
2025-10-23,Flipkart,iPhone,iPhone 17 128GB,New,849,7895.70,847.84,7884.91,0.1,,In Stock,4.4,155
24/05/2023, Flipkart ,iPhone,iPhone 13 128GB,new,799,7430.70,707.17,6576.68,11.5,,In Stock,4.7,2501
Jan 03 2026,FLIPKART,Mac,MacBook Pro 14-inch M2 Pro 512GB,new,1999,18590.70,1771.18,16471.97,11.4,,In Stock,4.3,3801
2025-07-24, Flipkart ,iPad,iPad Air (4th Gen) 64GB,new,599,5570.70,353.94,3291.64,40.9,,In Stock,4.3,6336
2025-04-01, Flipkart ,Mac,MacBook Air M1 256GB,Renewed/Refurbished,999,9290.70,441.42,4105.21,55.8,,Out of Stock,3.8,8005
2023-12-22, Flipkart ,iPad,iPad (9th Gen) 64GB,NEW ,329,3059.70,197.88,1840.28,39.900000000000006,,Low Stock,4.4,1728
2024-11-29,amazon ,iPhone,iPhone 16 Pro 256GB,new,1099,10220.70,1006.89,9364.08,8.4,Black Friday,In Stock,4.7,332
2025-10-05,amazon,Watch,Apple Watch Series X (45mm),new,429,3989.70,283.02,2632.09,34.0,Great Indian Festival,In Stock,4.8,1787
19/10/2025,amazon ,Watch,Apple Watch Ultra 2, New,799,7430.70,610.83,5680.72,23.6,,In Stock,4.5,1813
2026-01-14,FLIPKART,Watch,Apple Watch Series 9 (45mm),Renewed/Refurbished,429,3989.70,205.03,1906.78,52.2,,In Stock,4.1,1671
2024-07-08,amazon,iPhone,iPhone 14 Pro 128GB,NEW ,999,9290.70,882.44,8206.69,11.7,,In Stock,4.4,2011
2025-01-31, Flipkart ,iPhone,iPhone 13 Pro Max 256GB,NEW ,1199,11150.70,888.51,8263.14,25.9,,Out of Stock,4.4,3932
2026-07-05,AMAZON ,iPhone,iPhone 16 128GB,New,799,7430.70,700.67,6516.23,12.3,,In Stock,4.4,2346
2026-01-28, Flipkart ,iPhone,iPhone 12 64GB,NEW ,799,7430.70,483.5,4496.55,39.5,,In Stock,4.2,8119
2022-11-30,flipkart,Watch,Apple Watch Series 8 (45mm),New,429,3989.70,372.45,3463.79,13.2,Black Friday,In Stock,4.9,292
2023-04-02,flipkart,Mac,MacBook Pro 14-inch M2 Pro 512GB, New,1999,18590.70,1974.61,18363.87,1.2,,In Stock,4.6,196
2026-07-21, Amazon,iPad,iPad Pro 11-inch (M1) 128GB,Renewed/Refurbished,799,7430.70,373.52,3473.74,53.3,,Out of Stock,4.1,5617
2024-05-19,amazon ,Watch,Apple Watch Ultra 2, New,799,7430.70,805.36,7489.85,-0.8,,In Stock,4.3,939
2023-03-06,amazon ,iPhone,iPhone 14 128GB,NEW ,799,7430.70,790.97,7356.02,1.0,,In Stock,4.5,709
2025-10-27,amazon,Watch,Apple Watch Ultra 2, New,799,7430.70,610.59,5678.49,23.6,,Out of Stock,4.7,3781
2025-08-21,flipkart,iPad,iPad Pro 11-inch (M1) 128GB,new,799,7430.70,475.81,4425.03,40.400000000000006,,Out of Stock,4.2,5607
2023-07-16,FLIPKART,Mac,MacBook Pro 14-inch M2 Pro 512GB,Renewed/Refurbished,1999,18590.70,1448.84,13474.21,27.500000000000004,,Low Stock,4.0,586
2025-04-21,amazon,iPad,iPad (9th Gen) 64GB,Renewed/Refurbished,329,3059.70,147.49,1371.66,55.2,,Out of Stock,4.0,4145
2024-10-31, Amazon,Mac,MacBook Air M2 256GB,Renewed/Refurbished,1199,11150.70,771.57,7175.60,35.6,,In Stock,4.1,2061
Apr 20 2026,Amazon,Mac,MacBook Pro 14-inch M4 Pro 512GB, New,1999,18590.70,1910.59,17768.49,4.4,,In Stock,4.7,2775
2025-09-25,Flipkart,iPad,iPad Air (5th Gen) 64GB,new,599,5570.70,356.11,3311.82,40.6,,Out of Stock,4.3,4811
Feb 20 2023,AMAZON ,Mac,MacBook Air M2 256GB,New,1199,11150.70,1181.66,10989.44,1.4,,In Stock,4.4,901
2025-09-16,flipkart,iPad,iPad Pro 11-inch (M4) 256GB,NEW ,999,9290.70,909.12,8454.82,9.0,,In Stock,4.2,1446
2023-12-29,amazon,Mac,MacBook Air M1 256GB,Renewed/Refurbished,999,9290.70,586.09,5450.64,41.3,,Out of Stock,4.2,1975
20/02/2026, Amazon,Mac,MacBook Pro 14-inch M3 Pro 512GB,NEW ,1999,18590.70,1781.4,16567.02,10.9,,Low Stock,4.7,1841
2025-05-26,Amazon,iPad,iPad (9th Gen) 64GB,new,329,3059.70,196.68,1829.12,40.2,,Low Stock,4.7,3213
2021-07-15,FLIPKART,iPad,iPad Air (4th Gen) 64GB, New,599,5570.70,607.42,5649.01,-1.4,,Out of Stock,4.6,974
2023-12-20,amazon ,Mac,MacBook Air M2 256GB, New,1199,11150.70,1104.56,10272.41,7.9,,In Stock,4.2,2147
Nov 29 2025,Amazon,Watch,Apple Watch Series X (45mm), New,429,3989.70,270.34,2514.16,37.0,Black Friday,In Stock,4.4,1251
2026-05-23, Amazon,iPhone,iPhone 13 128GB, New,799,7430.70,486.83,4527.52,39.1,,In Stock,4.3,5560
2025-10-02,Flipkart,iPad,iPad Pro 12.9-inch (M2) 256GB,Renewed/Refurbished,1199,11150.70,656.76,6107.87,45.2,Big Billion Days,In Stock,4.4,3343
2025-04-10,Amazon,iPad,iPad Pro 11-inch (M4) 256GB,Renewed/Refurbished,999,9290.70,776.75,7223.78,22.2,,In Stock,4.3,1096
2025-06-21,amazon,Watch,Apple Watch Ultra 2, New,799,7430.70,689.38,6411.23,13.7,,In Stock,4.7,2924
2023-12-27,Amazon,Watch,Apple Watch Series 6 (44mm),NEW ,429,3989.70,261.16,2428.79,39.1,,In Stock,4.6,2776
2025-06-22,Amazon,iPhone,iPhone 13 Pro Max 256GB,Renewed/Refurbished,1199,11150.70,662.04,6156.97,44.8,,Out of Stock,4.2,3536
2026-03-13, Amazon,iPhone,iPhone 16 Pro 256GB,Renewed/Refurbished,1099,10220.70,811.4,7546.02,26.200000000000003,,In Stock,4.5,825
2023-01-27,amazon,Watch,Apple Watch Ultra,NEW ,799,7430.70,793.4,7378.62,0.7000000000000001,,Low Stock,4.3,610
2023-07-10, Amazon,iPad,iPad Air (5th Gen) 64GB,Renewed/Refurbished,599,5570.70,317.42,2952.01,47.0,Prime Day,In Stock,4.2,2436
2026-06-17,flipkart,iPhone,iPhone 17 128GB, New,849,7895.70,840.26,7814.42,1.0,,In Stock,4.6,1053
2025-09-05,flipkart,iPhone,iPhone 16 Pro 256GB,Renewed/Refurbished,1099,10220.70,838.08,7794.14,23.7,,In Stock,4.0,1644
2024-02-01, Flipkart ,Mac,MacBook Pro 14-inch M2 Pro 512GB,new,1999,18590.70,1902.08,17689.34,4.8,,Out of Stock,4.2,1794
2025-08-05,amazon ,Watch,Apple Watch Series X (45mm),new,429,3989.70,433.94,4035.64,-1.2,,In Stock,4.5,1805
2024-03-19,amazon ,iPad,iPad Pro 12.9-inch (M2) 256GB,Renewed/Refurbished,1199,11150.70,879.05,8175.16,26.700000000000003,,In Stock,3.9,857
2025-11-28, Amazon,iPhone,iPhone 17 128GB,NEW ,849,7895.70,764.27,7107.71,10.0,Black Friday,Low Stock,4.8,436
2026-02-22, Flipkart ,iPad,iPad Pro 12.9-inch (M2) 256GB,New,1199,11150.70,891.55,8291.42,25.6,,Low Stock,4.7,3205
2025-12-01,amazon ,iPhone,iPhone 15 Pro Max 256GB,new,1199,11150.70,986.31,9172.68,17.7,,In Stock,4.8,2979
2023-05-23,AMAZON ,Mac,MacBook Air M2 256GB,NEW ,1199,11150.70,1217.57,11323.40,-1.5,,In Stock,4.5,1465
2022-10-02,FLIPKART,Watch,Apple Watch Ultra, New,799,7430.70,638.61,5939.07,20.1,Big Billion Days,Low Stock,4.2,69
2022-03-19,FLIPKART,Mac,MacBook Pro 14-inch M1 Pro 512GB,NEW ,1999,18590.70,1984.35,18454.46,0.7000000000000001,,In Stock,4.8,641
2022-10-21,amazon ,iPad,iPad Air (4th Gen) 64GB,New,599,5570.70,501.7,4665.81,16.2,,In Stock,4.4,3841
2023-01-19,AMAZON ,iPhone,iPhone 13 Pro Max 256GB,New,1199,11150.70,1086.97,10108.82,9.3,,In Stock,4.7,1588
2024-04-26,FLIPKART,iPhone,iPhone 14 Pro 128GB, New,999,9290.70,903.3,8400.69,9.6,,Out of Stock,4.8,1859
2023-08-03,Amazon,Watch,Apple Watch Series 6 (44mm),New,429,3989.70,253.9,2361.27,40.8,,In Stock,4.6,5757
2025-12-27,flipkart,Watch,Apple Watch Series X (45mm), New,429,3989.70,333.57,3102.20,22.2,,In Stock,4.6,1531
2024-02-15,Flipkart,Mac,MacBook Air M2 256GB,Renewed/Refurbished,1199,11150.70,911.29,8475.00,24.0,,In Stock,4.1,2220
2024-10-25,AMAZON ,Watch,Apple Watch Ultra 2,Renewed/Refurbished,799,7430.70,586.17,5451.38,26.6,,Out of Stock,4.1,1510
18/06/2024, Flipkart ,Watch,Apple Watch Series 8 (45mm), New,429,3989.70,325.13,3023.71,24.2,,In Stock,4.5,913
2024-08-19,amazon ,iPad,iPad Pro 11-inch (M1) 128GB,new,799,7430.70,491.08,4567.04,38.5,,In Stock,4.8,4933
2022-06-24,amazon,iPad,iPad Air (4th Gen) 64GB,NEW ,599,5570.70,505.98,4705.61,15.5,,In Stock,4.8,2132
2023-02-10, Flipkart ,iPhone,iPhone 14 Pro 128GB,new,999,9290.70,1016.25,9451.12,-1.7000000000000002,,In Stock,4.6,881
2024-08-13,amazon,iPad,iPad Air (5th Gen) 64GB, New,599,5570.70,394.9,3672.57,34.1,,In Stock,4.9,1379
2024-03-14,FLIPKART,iPhone,iPhone 14 128GB,NEW ,799,7430.70,686.36,6383.15,14.099999999999998,,In Stock,4.5,2721
19/12/2022,Flipkart,iPhone,iPhone 12 Pro 128GB,NEW ,999,9290.70,785.84,7308.31,21.3,,In Stock,4.8,2506
2023-01-29,FLIPKART,iPhone,iPhone 14 Pro 128GB,Renewed/Refurbished,999,9290.70,697.51,6486.84,30.2,,In Stock,4.4,618
2025-12-29,FLIPKART,Mac,MacBook Air M1 256GB,new,999,9290.70,592.91,5514.06,40.6,,In Stock,4.3,9839
2024-02-11,flipkart,iPhone,iPhone 14 Pro 128GB,new,999,9290.70,882.06,8203.16,11.7,,Low Stock,4.6,1223
2021-10-21,flipkart,iPhone,iPhone 13 128GB, New,799,7430.70,790.96,7355.93,1.0,,In Stock,4.8,177
07/05/2025,amazon ,Watch,Apple Watch Series 9 (45mm),NEW ,429,3989.70,322.68,3000.92,24.8,,In Stock,4.8,2874
2022-07-22, Amazon,iPad,iPad Air (4th Gen) 64GB,Renewed/Refurbished,599,5570.70,--,--,36.6,,Low Stock,4.0,1297
Nov 08 2024,flipkart,iPhone,iPhone 16 Pro 256GB,New,1099,10220.70,1093.55,10170.02,0.5,,In Stock,4.5,170
02/11/2023, Flipkart ,Mac,MacBook Pro 14-inch M2 Pro 512GB,NEW ,1999,18590.70,2032.27,18900.11,-1.7000000000000002,,Out of Stock,4.7,1251
2022-08-18,FLIPKART,iPad,iPad Pro 11-inch (M1) 128GB,new,799,7430.70,695.11,6464.52,13.0,,In Stock,4.4,1514
2022-02-10,flipkart,iPad,iPad Pro 11-inch (M1) 128GB, New,799,7430.70,789.7,7344.21,1.2,,In Stock,4.9,713
2025-10-27,FLIPKART,Watch,Apple Watch Series 9 (45mm),new,429,3989.70,253.71,2359.50,40.9,,Low Stock,4.8,3837
2024-03-02,amazon ,iPad,iPad Air (4th Gen) 64GB,new,599,5570.70,357.93,3328.75,40.2,,Low Stock,4.5,2659
2026-06-02,Flipkart,iPhone,iPhone 17 128GB, New,849,7895.70,845.54,7863.52,0.4,,In Stock,4.7,1156
2025-10-27, Flipkart ,iPhone,iPhone 16 Pro 256GB,New,1099,10220.70,989.05,9198.17,10.0,,Low Stock,4.3,1296
14/09/2024,amazon ,iPad,iPad (9th Gen) 64GB,NEW ,329,3059.70,194.33,1807.27,40.9,,Low Stock,4.4,2572
2026-03-27,Flipkart,iPhone,iPhone 13 128GB,New,799,7430.70,479.8,4462.14,40.0,,In Stock,4.3,5462
2025-04-14,FLIPKART,Watch,Apple Watch Series 6 (44mm),Renewed/Refurbished,429,3989.70,188.64,1754.35,56.00000000000001,,In Stock,4.2,4958
Jan 11 2026,flipkart,iPad,iPad Pro 11-inch (M4) 256GB, New,999,9290.70,894.88,8322.38,10.4,,In Stock,4.8,1579
2023-07-15,amazon ,iPhone,iPhone 13 Pro Max 256GB,New,1199,11150.70,842.91,7839.06,29.7,Prime Day,Out of Stock,4.3,3030
2025-08-24, Amazon,iPad,iPad Pro 11-inch (M4) 256GB,new,999,9290.70,912.03,8481.88,8.7,,In Stock,4.4,2534
2025-01-06, Amazon,iPhone,iPhone 14 Pro 128GB,New,999,9290.70,786.14,7311.10,21.3,,In Stock,4.8,1578
21/02/2023,Amazon,iPhone,iPhone 14 Pro 128GB,new,999,9290.70,998.8,9288.84,0.0,,In Stock,4.2,872
2024-09-10,FLIPKART,iPad,iPad Pro 12.9-inch (M2) 256GB, New,1199,11150.70,1090.71,10143.60,9.0,,In Stock,4.6,2598
2025-11-13,Amazon,iPhone,iPhone 12 Pro 128GB,NEW ,999,9290.70,588.32,5471.38,41.1,,Low Stock,4.7,3698
2025-10-14,flipkart,Mac,MacBook Pro 14-inch M1 Pro 512GB,new,1999,18590.70,1410.05,13113.47,29.5,Big Billion Days,Low Stock,4.4,7245
2025-02-09,flipkart,Mac,MacBook Air M3 256GB,Renewed/Refurbished,1099,10220.70,825.86,7680.50,24.9,,Out of Stock,4.3,1778
2024-08-13,flipkart,iPhone,iPhone 14 Pro 128GB,new,999,9290.70,903.96,8406.83,9.5,,In Stock,4.5,3253
2024-02-19,Flipkart,Watch,Apple Watch Series 7 (45mm),new,429,3989.70,253.87,2360.99,40.8,,Low Stock,4.8,3534
2024-03-19,AMAZON ,iPhone,iPhone 13 128GB,Renewed/Refurbished,799,7430.70,422.24,3926.83,47.2,,In Stock,4.4,2438
Feb 17 2022,Amazon,iPad,iPad (9th Gen) 64GB,Renewed/Refurbished,329,3059.70,236.73,2201.59,28.000000000000004,,In Stock,4.4,693
30/08/2024,Flipkart,Watch,Apple Watch Ultra 2,new,799,7430.70,806.84,7503.61,-1.0,,In Stock,4.4,1607
2025-07-17, Amazon,Mac,MacBook Pro 14-inch M4 Pro 512GB,Renewed/Refurbished,1999,18590.70,1345.26,12510.92,32.7,Prime Day,Low Stock,4.3,650
2021-10-12,Flipkart,iPhone,iPhone 13 Pro Max 256GB,NEW ,1199,11150.70,1028.18,9562.07,14.2,Big Billion Days,In Stock,4.6,159
2025-02-26,Amazon,iPad,iPad Pro 11-inch (M4) 256GB,new,999,9290.70,981.48,9127.76,1.7999999999999998,,Low Stock,4.5,678
Jan 17 2026,amazon ,iPhone,iPhone 16 128GB,New,799,7430.70,703.43,6541.90,12.0,,In Stock,4.5,974
2026-03-25,amazon,Watch,Apple Watch Series 9 (45mm), New,429,3989.70,261.1,2428.23,39.1,,In Stock,4.9,1409
2021-12-30, Flipkart ,iPhone,iPhone 13 Pro Max 256GB, New,1199,11150.70,1211.23,11264.44,-1.0,,Out of Stock,4.5,346
2025-12-01,FLIPKART,Watch,Apple Watch Series X (45mm),new,429,3989.70,333.34,3100.06,22.3,,In Stock,4.7,1229
2025-05-06,Amazon,Watch,Apple Watch Ultra 2,Renewed/Refurbished,799,7430.70,498.74,4638.28,37.6,,In Stock,3.9,1372
2025-02-08,AMAZON ,Watch,Apple Watch Series X (45mm),Renewed/Refurbished,429,3989.70,345.07,3209.15,19.6,,In Stock,4.0,589
2025-12-09,Amazon,iPhone,iPhone 15 Pro Max 256GB,Renewed/Refurbished,1199,11150.70,787.52,7323.94,34.300000000000004,,In Stock,4.3,1692
2025-06-19,amazon,iPhone,iPhone 15 128GB,NEW ,799,7430.70,689.92,6416.26,13.7,,In Stock,4.2,1850
2023-01-29,AMAZON ,Watch,Apple Watch Series 6 (44mm),NEW ,429,3989.70,n/a,n/a,39.0,,In Stock,4.5,1305
2022-05-12,Amazon,iPad,iPad Pro 11-inch (M1) 128GB,new,799,7430.70,807.36,7508.45,-1.0,,In Stock,4.9,1593
2026-01-01,flipkart,iPhone,iPhone 12 Pro 128GB,New,999,9290.70,608.91,5662.86,39.0,,Low Stock,4.3,4007
2026-05-10,Flipkart,Mac,MacBook Pro 14-inch M1 Pro 512GB,Renewed/Refurbished,1999,18590.70,1225.91,11400.96,38.7,,In Stock,4.4,3170
2025-09-26,Flipkart,iPhone,iPhone 16 Pro 256GB, New,1099,10220.70,996.73,9269.59,9.3,,In Stock,4.2,616
2025-03-11,amazon ,iPhone,iPhone 15 128GB,Renewed/Refurbished,799,7430.70,586.01,5449.89,26.700000000000003,,In Stock,4.0,1853
2022-01-21,FLIPKART,iPhone,iPhone 12 Pro 128GB,new,999,9290.70,888.39,8262.03,11.1,,In Stock,4.6,1504
2023-11-26, Amazon,iPhone,iPhone 15 128GB,Renewed/Refurbished,799,7430.70,586.04,5450.17,26.700000000000003,Black Friday,In Stock,4.5,224
2023-05-20,FLIPKART,Watch,Apple Watch Series 8 (45mm),Renewed/Refurbished,429,3989.70,356.15,3312.20,17.0,,In Stock,4.5,1133
2025-02-26,Flipkart,iPhone,iPhone 15 Pro Max 256GB,New,1199,11150.70,1081.74,10060.18,9.8,,Out of Stock,4.4,2804
2023-07-21,flipkart,Mac,MacBook Air M2 256GB,Renewed/Refurbished,1199,11150.70,803.86,7475.90,33.0,,Out of Stock,3.9,2039
18/09/2022, Flipkart ,iPhone,iPhone 13 128GB,new,799,7430.70,809.75,7530.68,-1.3,,In Stock,4.4,1284
2023-07-25,FLIPKART,Mac,MacBook Air M1 256GB,Renewed/Refurbished,999,9290.70,654.5,6086.85,34.5,,In Stock,4.2,2425
2026-02-20,FLIPKART,iPad,iPad Pro 12.9-inch (M2) 256GB,New,1199,11150.70,899.22,8362.75,25.0,,Low Stock,4.3,6475
2024-07-22,Amazon,iPad,iPad Pro 12.9-inch (M2) 256GB,Renewed/Refurbished,1199,11150.70,882.52,8207.44,26.4,,In Stock,4.5,2431
2026-01-08,amazon ,Mac,MacBook Pro 14-inch M2 Pro 512GB, New,1999,18590.70,1791.88,16664.48,10.4,,In Stock,4.3,5429
2024-10-19,amazon,Watch,Apple Watch Series 6 (44mm),new,429,3989.70,253.69,2359.32,40.9,,Out of Stock,4.8,8211
Feb 23 2023,Amazon,Watch,Apple Watch Series 6 (44mm),New,429,3989.70,260.95,2426.84,39.2,,In Stock,4.6,3801
2026-04-30, Flipkart ,iPad,iPad (9th Gen) 64GB, New,329,3059.70,200.12,1861.12,39.2,,In Stock,4.3,4995
2025-12-07,Amazon,Mac,MacBook Air M2 256GB,NEW ,1199,11150.70,916.77,8525.96,23.5,,Out of Stock,4.6,5291
Nov 06 2021,Amazon,iPhone,iPhone 13 Pro Max 256GB, New,1199,11150.70,1189.42,11061.61,0.8,,In Stock,4.3,239
2026-02-02,AMAZON ,iPhone,iPhone 13 Pro Max 256GB,NEW ,1199,11150.70,788.98,7337.51,34.2,,Out of Stock,4.6,8297
17/05/2023,amazon ,iPad,iPad Pro 11-inch (M1) 128GB,New,799,7430.70,697.07,6482.75,12.8,,In Stock,4.8,2690
2024-07-21,amazon ,iPad,iPad Pro 11-inch (M4) 256GB, New,999,9290.70,1018.11,9468.42,-1.9,,Out of Stock,4.5,222
2025-02-08,Amazon,Mac,MacBook Pro 14-inch M4 Pro 512GB,New,1999,18590.70,1995.06,18554.06,0.2,,In Stock,4.6,351
20/06/2022,amazon,iPhone,iPhone 12 Pro 128GB, New,999,9290.70,896.77,8339.96,10.2,,Out of Stock,4.4,1436
05/12/2023,Amazon,iPad,iPad Pro 12.9-inch (M2) 256GB,New,1199,11150.70,1079.1,10035.63,10.0,,In Stock,4.6,1200
2026-03-26,AMAZON ,iPhone,iPhone 17 128GB,Renewed/Refurbished,849,7895.70,585.69,5446.92,31.0,,In Stock,4.0,812
2025-09-09,flipkart,iPhone,iPhone 15 Pro Max 256GB,NEW ,1199,11150.70,1101.94,10248.04,8.1,,In Stock,4.5,1189
2023-07-01,amazon,Mac,MacBook Air M1 256GB,New,999,9290.70,812.41,7555.41,18.7,,Low Stock,4.4,2052
2025-12-14,AMAZON ,iPhone,iPhone 16 128GB, New,799,7430.70,686.89,6388.08,14.000000000000002,,In Stock,4.2,1486
02/07/2025,amazon ,Mac,MacBook Pro 14-inch M2 Pro 512GB,New,1999,18590.70,1813.03,16861.18,9.3,,In Stock,4.9,1550
May 08 2024,amazon,iPhone,iPhone 13 128GB,New,799,7430.70,607.94,5653.84,23.9,,In Stock,4.7,3680
2026-03-17,flipkart,iPhone,iPhone 15 128GB,Renewed/Refurbished,799,7430.70,457.18,4251.77,42.8,,In Stock,3.9,4249
30/06/2026, Amazon,Watch,Apple Watch Series X (45mm), New,429,3989.70,332.6,3093.18,22.5,,In Stock,4.6,1750
2025-02-17,AMAZON ,iPhone,iPhone 14 Pro 128GB, New,999,9290.70,800.18,7441.67,19.9,,In Stock,4.4,3298
2025-10-07,flipkart,iPhone,iPhone 17 128GB, New,849,7895.70,N/A,N/A,11.1,Big Billion Days,In Stock,4.4,119
2026-06-08,flipkart,iPhone,iPhone 14 128GB,Renewed/Refurbished,799,7430.70,n/a,n/a,49.0,,Out of Stock,4.4,4269
2022-11-09,FLIPKART,Watch,Apple Watch Ultra,NEW ,799,7430.70,783.42,7285.81,2.0,,In Stock,4.6,158
2021-09-13,amazon ,iPhone,iPhone 12 64GB,Renewed/Refurbished,799,7430.70,607.44,5649.19,24.0,,In Stock,4.4,952
2024-04-14,FLIPKART,iPad,iPad Air (4th Gen) 64GB,New,599,5570.70,353.53,3287.83,41.0,,Out of Stock,4.8,4284
2025-02-27,Flipkart,Watch,Apple Watch Series X (45mm),New,429,3989.70,430.14,4000.30,-0.3,,In Stock,4.8,773
2023-11-04, Flipkart ,Watch,Apple Watch Series 6 (44mm),New,429,3989.70,256.39,2384.43,40.2,,In Stock,4.5,3782
2023-11-10, Flipkart ,iPhone,iPhone 14 Pro 128GB,New,999,9290.70,911.61,8477.97,8.7,,In Stock,4.7,2184
2025-03-10,amazon ,iPhone,iPhone 15 128GB, New,799,7430.70,687.31,6391.98,14.000000000000002,,In Stock,4.5,2353
